0.0,3278.0,4.0,21.0,16.0,2.0,0.0,1.2071256818378806,16.0,29.0,0.0,1.2071256818378802,2.600550651550293
0.0,3278.0,4.0,21.0,16.0,2.0,1.0,1.2071256818378806,16.0,29.0,0.0,1.2071256818378802,2.6848912239074707
0.0,3278.0,4.0,21.0,16.0,2.0,2.0,1.2071256818378806,16.0,29.0,0.0,1.2071256818378802,2.988278865814209
0.0,3278.0,4.0,21.0,16.0,2.0,3.0,1.2071256818378806,16.0,29.0,0.0,1.2071256818378802,3.3023953437805176
0.0,3278.0,4.0,21.0,16.0,2.0,4.0,1.2071256818378806,16.0,28.0,3.438782466668579e-05,1.2519670725155951,2.7188658714294434
0.0,3278.0,4.0,21.0,16.0,2.0,5.0,1.2549911569256695,16.000843544852803,29.0,3.387108419975011e-05,1.3546975772740433,2.4428963661193848
0.0,3278.0,4.0,21.0,16.0,2.0,6.0,1.3567107173606952,15.998325645031006,29.0,4.544193076697075e-05,1.404792475575077,2.2864341735839844
0.0,3278.0,4.0,21.0,16.0,2.0,7.0,1.4146870122791964,15.998416041759782,29.0,8.205082224546582e-05,1.565870041820043,2.264082431793213
0.0,3278.0,4.0,21.0,16.0,2.0,8.0,1.5520628169102038,15.972810200845206,30.0,9.640633905091488e-05,1.7538253809109405,2.35140323638916
0.0,3278.0,4.0,21.0,16.0,2.0,9.0,1.7404529392911179,15.94810396713203,31.0,9.584831907453952e-05,1.8742786024563243,2.4378299713134766
0.0,3278.0,4.0,21.0,16.0,2.0,10.0,1.8824801095734633,15.960421526234585,32.0,0.00010247541771591554,2.0339515383709434,2.523064613342285
0.0,3278.0,4.0,21.0,16.0,2.0,11.0,2.061750285322732,15.982054308673199,31.0,0.00010364910538965449,1.9246343737373877,2.6795268058776855
0.0,3278.0,4.0,21.0,16.0,2.0,12.0,1.8645875750941663,15.905151832080472,31.0,9.886551325309524e-05,1.8879265857506207,3.021061420440674
0.0,3278.0,4.0,21.0,16.0,2.0,13.0,1.8996448277566194,15.970012557037306,30.0,9.775884519748617e-05,1.7659440968442786,3.2344460487365723
0.0,3278.0,4.0,21.0,16.0,2.0,14.0,1.7427246005920678,15.934273785658798,26.0,8.81061743325026e-05,1.2432929236771242,3.4376978874206543
0.0,3278.0,4.0,21.0,16.0,2.0,15.0,1.2360934486026913,15.879793923949997,25.0,7.126162421244314e-05,1.0641496348905686,3.6412477493286133
0.0,3278.0,4.0,21.0,16.0,2.0,16.0,1.0686279938226213,15.880121973893148,27.0,9.632453726185737e-05,1.397245163935387,3.8883090019226074
0.0,3278.0,4.0,21.0,16.0,2.0,17.0,1.3759979918898795,15.829338909569518,28.0,0.00010194755070384519,1.5397998452892918,4.257559776306152
0.0,3278.0,4.0,21.0,16.0,2.0,18.0,1.5567091511258866,15.853226529820983,28.0,6.137936998122556e-05,1.378769219017505,4.401803016662598
0.0,3278.0,4.0,21.0,16.0,2.0,19.0,1.3831248812853474,15.85124327667853,28.0,3.421365318137381e-05,1.2678356874717909,4.647374153137207
0.0,3278.0,4.0,21.0,16.0,2.0,20.0,1.2641156093618797,15.844256838773484,28.0,2.5797499474637953e-05,1.2316756519515655,4.977881908416748
0.0,3278.0,4.0,21.0,16.0,2.0,21.0,1.2303724509522262,15.854295237202276,27.0,2.8826761037044667e-05,1.1413698501291316,5.01096248626709
0.0,3278.0,4.0,21.0,16.0,2.0,22.0,1.14133434706933,15.857529103026119,28.0,1.3591052604344835e-05,1.1816067774331251,5.33372163772583
0.0,3278.0,4.0,21.0,16.0,2.0,0.0,1.1142698601580436,16.0,28.0,0.0,1.1142698601580472,2.467036247253418
0.0,3278.0,4.0,21.0,16.0,2.0,1.0,1.1142698601580465,15.999999999999996,28.0,0.0,1.1142698601580467,2.575814723968506
0.0,3278.0,4.0,21.0,16.0,2.0,2.0,1.1142698601580465,15.999999999999996,28.0,0.0,1.1142698601580467,3.0118227005004883
0.0,3278.0,4.0,21.0,16.0,2.0,3.0,1.1142698601580465,15.999999999999996,28.0,0.0,1.1142698601580467,3.210902214050293
0.0,3278.0,4.0,21.0,16.0,2.0,4.0,1.1142698601580465,15.999999999999996,28.0,0.0,1.1142698601580467,2.765357494354248
0.0,3278.0,4.0,21.0,16.0,2.0,5.0,1.1142698601580465,15.999999999999996,28.0,1.7061370686850388e-05,1.183196976645352,2.3636221885681152
0.0,3278.0,4.0,21.0,16.0,2.0,6.0,1.1800086520827977,15.995360403628037,28.0,3.4037101025701984e-05,1.251720502084233,2.2077560424804688
0.0,3278.0,4.0,21.0,16.0,2.0,7.0,1.2398248053591894,15.984239084442015,28.0,8.061264798162713e-05,1.4380361926722929,2.199113368988037
0.0,3278.0,4.0,21.0,16.0,2.0,8.0,1.448259017244139,15.984301491167075,30.0,0.00016179255108153187,2.070430887103552,2.281069755554199
0.0,3278.0,4.0,21.0,16.0,2.0,9.0,2.106092152731965,15.866660631689863,30.0,0.00016988243131968415,2.1136642339508414,2.4771690368652344
0.0,3278.0,4.0,21.0,16.0,2.0,10.0,2.108080296963622,15.85114155103583,29.0,0.00019392196341695456,2.063950209176848,2.586245536804199
0.0,3278.0,4.0,21.0,16.0,2.0,11.0,2.086470221940702,15.917097403971532,30.0,0.00023891424089621528,2.4349552798447145,2.701878547668457
0.0,3278.0,4.0,21.0,16.0,2.0,12.0,2.461896921294826,15.818192429933086,30.0,0.00017520825695282566,2.155845580563587,3.2195448875427246
0.0,3278.0,4.0,21.0,16.0,2.0,13.0,2.097906023189761,15.781629746712367,31.0,0.00018075357296975584,2.31368995636059,3.541111946105957
0.0,3278.0,4.0,21.0,16.0,2.0,14.0,2.3105689470389694,15.835439599664673,31.0,0.00016853096354458935,2.2611157849567154,3.744065761566162
0.0,3278.0,4.0,21.0,16.0,2.0,15.0,2.246966095775794,15.831700483843495,31.0,0.00020267206176933524,2.4243363058072815,3.9267539978027344
0.0,3278.0,4.0,21.0,16.0,2.0,16.0,2.444029149954158,15.840289045401267,30.0,0.0002287723647677913,2.395976706432988,4.088282585144043
0.0,3278.0,4.0,21.0,16.0,2.0,17.0,2.349501719457189,15.836709306725488,30.0,0.00025380265089250387,2.496493918391418,4.278123378753662
0.0,3278.0,4.0,21.0,16.0,2.0,18.0,2.5390856831003465,15.94401322063225,30.0,0.00016205340411488763,2.1015181196529578,4.251599311828613
0.0,3278.0,4.0,21.0,16.0,2.0,19.0,2.0372322943482635,15.818098938834536,29.0,0.00010476954826580535,1.6874145954574205,4.722774028778076
0.0,3278.0,4.0,21.0,16.0,2.0,20.0,1.7162047641896374,15.849905530146879,30.0,4.7014607839571916e-05,1.5421965473263226,5.034804344177246
0.0,3278.0,4.0,21.0,16.0,2.0,21.0,1.5264667029735899,15.81827701023338,29.0,2.2123159256785393e-05,1.3210207047783982,5.353987216949463
0.0,3278.0,4.0,21.0,16.0,2.0,22.0,1.3172938372121903,15.82379064762125,29.0,1.3604702339506529e-05,1.2815153691545798,5.631744861602783
0.0,3278.0,4.0,21.0,16.0,2.0,0.0,1.2338276421035757,16.0,29.0,5.526323716678501e-06,1.2310221856976464,2.6109814643859863
0.0,3278.0,4.0,21.0,16.0,2.0,1.0,1.2319502884154883,16.000742422458725,29.0,7.236620369440302e-06,1.2385111396008404,2.6923418045043945
0.0,3278.0,4.0,21.0,16.0,2.0,2.0,1.2401707823000458,16.000907463478658,29.0,1.743343844506351e-05,1.2827918367636935,3.000199794769287
0.0,3278.0,4.0,21.0,16.0,2.0,3.0,1.2873433065157411,16.002005557417753,29.0,1.547284857959847e-05,1.274538599814027,3.2696127891540527
0.0,3278.0,4.0,21.0,16.0,2.0,4.0,1.2732820727657903,15.998429219893888,29.0,2.108823280507101e-05,1.2987927046532062,2.8565526008605957
0.0,3278.0,4.0,21.0,16.0,2.0,5.0,1.2943911093386276,15.997359228903612,28.0,2.1322656488094782e-05,1.1999193295575021,2.353787422180176
0.0,3278.0,4.0,21.0,16.0,2.0,6.0,1.200428379788286,15.996064202890826,28.0,6.255409477492979e-05,1.3673445817635557,2.1913647651672363
0.0,3278.0,4.0,21.0,16.0,2.0,7.0,1.3582015832611007,15.977603686068253,28.0,0.00012222795599595756,1.607735269029202,2.1898746490478516
0.0,3278.0,4.0,21.0,16.0,2.0,8.0,1.5926797901285534,15.957223381247111,29.0,0.0001763519896034628,1.9768957144585657,2.2673606872558594
0.0,3278.0,4.0,21.0,16.0,2.0,9.0,2.02227980861516,15.953191676552537,29.0,0.00015545209650767418,1.8975016083618839,2.327561378479004
0.0,3278.0,4.0,21.0,16.0,2.0,10.0,1.891402721269014,15.91145682731052,27.0,0.00014197197785309818,1.5643385848387927,2.5534629821777344
0.0,3278.0,4.0,21.0,16.0,2.0,11.0,1.5189986854093995,15.868340658717182,29.0,0.00012745020572598248,1.7738442113143247,2.796351909637451
0.0,3278.0,4.0,21.0,16.0,2.0,12.0,1.75550159503592,15.865335431023302,30.0,0.00010568997426734162,1.807980194406189,3.0979514122009277
0.0,3278.0,4.0,21.0,16.0,2.0,13.0,1.794302485431122,15.866043220107528,30.0,0.00013035356840459985,1.9222207939691316,3.400444984436035
0.0,3278.0,4.0,21.0,16.0,2.0,14.0,1.8985767594479754,15.882394940935855,29.0,0.00019242118989997063,2.056540015255615,3.5631656646728516
0.0,3278.0,4.0,21.0,16.0,2.0,15.0,2.0617039652490052,15.891563856955093,30.0,0.000160674241825784,2.067562567488823,3.8114190101623535
0.0,3278.0,4.0,21.0,16.0,2.0,16.0,2.0797327198615885,15.8843181298358,29.0,0.00014236480325177374,1.8469668005439588,4.003942012786865
0.0,3278.0,4.0,21.0,16.0,2.0,17.0,1.8545003637349124,15.864036256852895,29.0,0.0001154250857385383,1.7255475634371416,4.249513149261475
0.0,3278.0,4.0,21.0,16.0,2.0,18.0,1.7182458809002656,15.866588332011368,29.0,6.269441454986395e-05,1.4963389172533548,4.4408440589904785
0.0,3278.0,4.0,21.0,16.0,2.0,19.0,1.4739185536664363,15.852728991358093,30.0,5.619292271771784e-05,1.575009309721136,4.783570766448975
0.0,3278.0,4.0,21.0,16.0,2.0,20.0,1.5781200062115501,15.87255539719441,29.0,5.718962975320364e-05,1.4696761042702151,4.885196685791016
0.0,3278.0,4.0,21.0,16.0,2.0,21.0,1.4620101189524457,15.871311997720051,29.0,4.996076510113529e-05,1.4368870077131308,5.189478397369385
0.0,3278.0,4.0,21.0,16.0,2.0,22.0,1.4265353668772893,15.871328222607522,29.0,4.540390346456592e-05,1.4154177161284185,5.438029766082764
0.0,3278.0,4.0,21.0,16.0,2.0,0.0,1.2071256818378806,16.0,29.0,0.0,1.2071256818378802,2.600550651550293
0.0,3278.0,4.0,21.0,16.0,2.0,1.0,1.2071256818378806,16.0,29.0,2.0284534663792987e-05,1.2957889454147828,2.69472599029541
0.0,3278.0,4.0,21.0,16.0,2.0,2.0,1.2942576683497202,15.995864200766807,28.0,1.7221408779833445e-05,1.1837635456998143,3.083646297454834
0.0,3278.0,4.0,21.0,16.0,2.0,3.0,1.1815442589058671,15.993979086245977,27.0,3.4614879575306427e-05,1.148924508760018,3.0347704887390137
0.0,3278.0,4.0,21.0,16.0,2.0,4.0,1.1548886355913779,15.995198564677143,28.0,3.0395694506216672e-05,1.2375048600365988,2.733767032623291
0.0,3278.0,4.0,21.0,16.0,2.0,5.0,1.232711746422331,15.98765478963409,28.0,3.46296850966567e-05,1.2535940951227205,2.3561716079711914
0.0,3278.0,4.0,21.0,16.0,2.0,6.0,1.2520982463590657,15.991088827326525,28.0,4.991054300771443e-05,1.3154076469149962,2.2077560424804688
0.0,3278.0,4.0,21.0,16.0,2.0,7.0,1.314536392592407,15.987826538936886,28.0,0.00011691055887928376,1.58664457752149,2.1773576736450195
0.0,3278.0,4.0,21.0,16.0,2.0,8.0,1.5820954792305988,15.967094925523917,29.0,0.00020206599959165212,2.0997815123801233,2.2354722023010254
0.0,3278.0,4.0,21.0,16.0,2.0,9.0,2.0790220605122824,15.853443254633962,30.0,0.00019641974695659258,2.235469183279581,2.485513687133789
0.0,3278.0,4.0,21.0,16.0,2.0,10.0,2.2258089441883797,15.827164105772692,31.0,0.00020176810680868037,2.4121376039199958,2.681910991668701
0.0,3278.0,4.0,21.0,16.0,2.0,11.0,2.4535479209810607,15.912690112556067,32.0,0.0002681520362495539,2.9353175195293666,2.8127431869506836
0.0,3278.0,4.0,21.0,16.0,2.0,12.0,2.982540813617471,15.808654666017278,32.0,0.00017080625235671676,2.455990292609614,3.22878360748291
0.0,3278.0,4.0,21.0,16.0,2.0,13.0,2.4286295356723415,15.731610656185893,33.0,0.00021044090794725644,2.8014209818258564,3.631114959716797
0.0,3278.0,4.0,21.0,16.0,2.0,14.0,2.8340452108652254,15.718488739584416,32.0,0.0001996756451953003,2.599014124817909,4.007816314697266
0.0,3278.0,4.0,21.0,16.0,2.0,15.0,2.6041686333402523,15.743347425286311,30.0,0.0002025569947418456,2.2953222836317773,4.138350486755371
0.0,3278.0,4.0,21.0,16.0,2.0,16.0,2.2670336634901496,15.765943021942423,30.0,0.0002555390197029957,2.5283990224305244,4.222095012664795
0.0,3278.0,4.0,21.0,16.0,2.0,17.0,2.557389759591555,15.765903623294468,29.0,0.0002881763003912813,2.4970158589383673,4.388689994812012
0.0,3278.0,4.0,21.0,16.0,2.0,18.0,2.5556767509911507,15.857932492173642,29.0,0.00020141838002969684,2.138610159652497,4.372298717498779
0.0,3278.0,4.0,21.0,16.0,2.0,19.0,2.0932768682288723,15.756207559646851,29.0,0.00012135047526274212,1.7691172861790816,4.875361919403076
0.0,3278.0,4.0,21.0,16.0,2.0,20.0,1.8077793317038668,15.789552084888566,29.0,7.743703165344413e-05,1.5779363776785695,5.07354736328125
0.0,3278.0,4.0,21.0,16.0,2.0,21.0,1.5501117006305571,15.736128663294165,29.0,4.747726646196239e-05,1.4382091481264723,5.580484867095947
0.0,3278.0,4.0,21.0,16.0,2.0,22.0,1.4249915034126144,15.751706078036053,27.0,3.72609347155003e-05,1.1836386105715997,5.4168701171875
0.0,3278.0,4.0,21.0,16.0,2.0,0.0,1.0214140384782067,16.0,27.0,0.0,1.0214140384782067,2.3168325424194336
0.0,3278.0,4.0,21.0,16.0,2.0,1.0,1.0214140384782067,16.0,27.0,0.0,1.0214140384782067,2.4437904357910156
0.0,3278.0,4.0,21.0,16.0,2.0,2.0,1.0214140384782067,16.0,27.0,0.0,1.0214140384782067,3.0118227005004883
0.0,3278.0,4.0,21.0,16.0,2.0,3.0,1.0214140384782067,16.0,27.0,0.0,1.0214140384782067,3.0624866485595703
0.0,3278.0,4.0,21.0,16.0,2.0,4.0,1.0214140384782067,16.0,26.0,1.9703548157027504e-05,0.9942683021779032,2.5528669357299805
0.0,3278.0,4.0,21.0,16.0,2.0,5.0,0.996118418630968,15.999507795506942,27.0,3.341918061412247e-05,1.145786807818418,2.257227897644043
0.0,3278.0,4.0,21.0,16.0,2.0,6.0,1.1470997611563227,15.989833548147407,27.0,3.6462153174152044e-05,1.156098900433222,2.141296863555908
0.0,3278.0,4.0,21.0,16.0,2.0,7.0,1.1621086897099004,15.991416042165138,27.0,0.00013452646754374392,1.522522653160581,2.0885467529296875
0.0,3278.0,4.0,21.0,16.0,2.0,8.0,1.530575593963884,15.942232302295913,27.0,0.00016753411937888072,1.6452227055830098,2.14993953704834
0.0,3278.0,4.0,21.0,16.0,2.0,9.0,1.641094154652575,15.918566651362832,28.0,0.0001721748053060915,1.8133660340572013,2.3803114891052246
0.0,3278.0,4.0,21.0,16.0,2.0,10.0,1.7912921096105587,15.886464267500202,28.0,0.00013090170816601,1.6480354040584873,2.574026584625244
0.0,3278.0,4.0,21.0,16.0,2.0,11.0,1.643443713981884,15.934883363385133,27.0,0.00013355879044542386,1.5235477909507742,2.735257148742676
0.0,3278.0,4.0,21.0,16.0,2.0,12.0,1.5226620205577626,15.931981732312103,29.0,0.00015753191634184114,1.9060619092414723,2.956390380859375
0.0,3278.0,4.0,21.0,16.0,2.0,13.0,1.894324268467802,15.851398785888428,28.0,0.00010082790627384463,1.5436080346539895,3.4430623054504395
0.0,3278.0,4.0,21.0,16.0,2.0,14.0,1.5263841027056428,15.839080219701833,29.0,0.0001953708716277482,2.086767563057699,3.603696823120117
0.0,3278.0,4.0,21.0,16.0,2.0,15.0,2.075847659062488,15.716266078625386,30.0,0.00017838622884149764,2.1615586698405833,4.186034202575684
0.0,3278.0,4.0,21.0,16.0,2.0,16.0,2.189152005357241,15.776713105316123,30.0,0.00016060170024451763,2.079229067540872,4.278123378753662
0.0,3278.0,4.0,21.0,16.0,2.0,17.0,2.1289538609453817,15.8337120201469,30.0,0.0001170586210534458,1.8811819937742558,4.374980926513672
0.0,3278.0,4.0,21.0,16.0,2.0,18.0,1.8688488774767562,15.798612901428156,29.0,8.423138502347308e-05,1.6013447294337049,4.5937299728393555
0.0,3278.0,4.0,21.0,16.0,2.0,19.0,1.6057810014516771,15.792580128716725,29.0,6.410565961672486e-05,1.5080249638234562,4.850029945373535
0.0,3278.0,4.0,21.0,16.0,2.0,20.0,1.4970543350402588,15.795414819497513,28.0,4.6185854416119045e-05,1.3190615713372127,5.068778991699219
0.0,3278.0,4.0,21.0,16.0,2.0,21.0,1.3156281431491148,15.817052784186647,29.0,5.375916486549554e-05,1.4589024742715277,5.366504192352295
0.0,3278.0,4.0,21.0,16.0,2.0,22.0,1.467528305663877,15.827626516386037,29.0,4.3049463961610024e-05,1.4114328357710186,5.567371845245361
0.0,3278.0,4.0,21.0,16.0,2.0,0.0,1.0214140384782067,16.0,27.0,0.0,1.0214140384782067,2.3168325424194336
0.0,3278.0,4.0,21.0,16.0,2.0,1.0,1.0214140384782067,16.0,28.0,0.0,1.1151825563733495,2.5469064712524414
0.0,3278.0,4.0,21.0,16.0,2.0,2.0,1.1145798279803287,15.995621234924364,28.0,0.0,1.1146174619669247,3.018677234649658
0.0,3278.0,4.0,21.0,16.0,2.0,3.0,1.1146163648106115,15.9960171150045,28.0,2.0155443416648665e-06,1.1227277230048818,3.2153725624084473
0.0,3278.0,4.0,21.0,16.0,2.0,4.0,1.1221345352406975,15.995794168115722,28.0,1.8539520073902316e-05,1.1893461883794054,2.7489662170410156
0.0,3278.0,4.0,21.0,16.0,2.0,5.0,1.1851250701126108,15.991784678396519,28.0,1.54114632483046e-05,1.1764735687257237,2.372860908508301
0.0,3278.0,4.0,21.0,16.0,2.0,6.0,1.1730647199807527,15.992257326528678,28.0,3.4723062106064025e-05,1.2532123524052763,2.211332321166992
0.0,3278.0,4.0,21.0,16.0,2.0,7.0,1.2695618024939286,16.002167419192393,28.0,0.00014234098411467484,1.6971172047659342,2.142190933227539
0.0,3278.0,4.0,21.0,16.0,2.0,8.0,1.6650551861608114,15.878809350464651,28.0,0.00015589419565731956,1.7438648713434952,2.3183226585388184
0.0,3278.0,4.0,21.0,16.0,2.0,9.0,1.7631490885503343,15.936305343935057,29.0,0.0001767014248832964,1.9844795369169963,2.340078353881836
0.0,3278.0,4.0,21.0,16.0,2.0,10.0,1.9748609560695543,15.901739640404985,29.0,0.0001380087588033408,1.822511930571948,2.5472044944763184
0.0,3278.0,4.0,21.0,16.0,2.0,11.0,1.788825827188332,15.896685678441681,30.0,0.00013455232078234252,1.9372359970200808,2.785027027130127
0.0,3278.0,4.0,21.0,16.0,2.0,12.0,1.9332785295042298,15.91475022095006,29.0,0.00011312006195269655,1.716464206551504,3.051459789276123
0.0,3278.0,4.0,21.0,16.0,2.0,13.0,1.6933666467387436,15.882747000032792,29.0,0.00011601504533403311,1.7217087574586674,3.3712387084960938
0.0,3278.0,4.0,21.0,16.0,2.0,14.0,1.6974799841731159,15.885569182535505,30.0,0.0001875041432979455,2.193985430262161,3.5491585731506348
0.0,3278.0,4.0,21.0,16.0,2.0,15.0,2.17428494529411,15.764260254031148,30.0,0.00015882092358243257,2.0573147781290118,4.10228967666626
0.0,3278.0,4.0,21.0,16.0,2.0,16.0,2.102269517929579,15.904516135651635,29.0,0.00013929859267492852,1.8411850392640454,3.961026668548584
0.0,3278.0,4.0,21.0,16.0,2.0,17.0,1.8358774127146489,15.856045141418058,29.0,0.00011729981805665089,1.7367095932089174,4.267096519470215
0.0,3278.0,4.0,21.0,16.0,2.0,18.0,1.7231561930053159,15.847857329065409,28.0,6.501061364112606e-05,1.3966978472552594,4.409849643707275
0.0,3278.0,4.0,21.0,16.0,2.0,19.0,1.3908740433888052,15.837671581988209,28.0,5.397873519087512e-05,1.3462794858103544,4.666447639465332
0.0,3278.0,4.0,21.0,16.0,2.0,20.0,1.3471731461486305,15.854159840541177,28.0,7.10716127699163e-05,1.4155157258894677,4.9117207527160645
0.0,3278.0,4.0,21.0,16.0,2.0,21.0,1.4065745791715747,15.848145697667999,29.0,6.463341225547593e-05,1.501906639503207,5.2544474601745605
0.0,3278.0,4.0,21.0,16.0,2.0,22.0,1.4969386455513396,15.853959446558298,29.0,3.673336905084689e-05,1.3792898377526206,5.493462085723877
0.0,3278.0,4.0,21.0,16.0,2.0,0.0,1.1142698601580436,16.0,28.0,0.0,1.1142698601580472,2.467036247253418
0.0,3278.0,4.0,21.0,16.0,2.0,1.0,1.1142698601580465,15.999999999999996,28.0,0.0,1.1142698601580467,2.575814723968506
0.0,3278.0,4.0,21.0,16.0,2.0,2.0,1.1142698601580465,15.999999999999996,28.0,0.0,1.1142698601580467,3.0118227005004883
0.0,3278.0,4.0,21.0,16.0,2.0,3.0,1.1142698601580465,15.999999999999996,28.0,0.0,1.1142698601580467,3.210902214050293
0.0,3278.0,4.0,21.0,16.0,2.0,4.0,1.1142698601580465,15.999999999999996,28.0,0.0,1.1142698601580467,2.765357494354248
0.0,3278.0,4.0,21.0,16.0,2.0,5.0,1.1142698601580465,15.999999999999996,28.0,2.2081053385111003e-05,1.2033913858021312,2.358555793762207
0.0,3278.0,4.0,21.0,16.0,2.0,6.0,1.2024512195393142,15.99566254684463,28.0,3.335440251062431e-05,1.248343910764363,2.2089481353759766
0.0,3278.0,4.0,21.0,16.0,2.0,7.0,1.2468829373542738,15.993909930513507,28.0,4.401605569598976e-05,1.2908646895697597,2.207159996032715
0.0,3278.0,4.0,21.0,16.0,2.0,8.0,1.29118498871889,15.995503422304722,29.0,5.2619817761264336e-05,1.4375229070787865,2.270340919494629
0.0,3278.0,4.0,21.0,16.0,2.0,9.0,1.4271344876170637,15.980019628934517,29.0,6.633122282895399e-05,1.4954481456290576,2.287626266479492
0.0,3278.0,4.0,21.0,16.0,2.0,10.0,1.5017145511447534,15.992228607142957,31.0,7.002993283774274e-05,1.7493614750116062,2.435445785522461
0.0,3278.0,4.0,21.0,16.0,2.0,11.0,1.7287493851558557,15.944993772691925,30.0,6.647787303586553e-05,1.6148180404466652,2.7230381965637207
0.0,3278.0,4.0,21.0,16.0,2.0,12.0,1.6333353125091445,15.96668968343812,30.0,5.8697034356117015e-05,1.5799913162838832,2.93731689453125
0.0,3278.0,4.0,21.0,16.0,2.0,13.0,1.5769842905836544,15.95515558110253,30.0,5.23352795006088e-05,1.5494321487324163,3.2532215118408203
0.0,3278.0,4.0,21.0,16.0,2.0,14.0,1.5420918748432562,15.947968983927938,31.0,6.521077341040285e-05,1.7227551686972693,3.547072410583496
0.0,3278.0,4.0,21.0,16.0,2.0,15.0,1.7277351264577576,15.95312883122874,30.0,6.229167507663832e-05,1.597852948480234,3.739297389984131
0.0,3278.0,4.0,21.0,16.0,2.0,16.0,1.5989548404264449,15.94924419584985,29.0,7.174063678150101e-05,1.5249337970331116,3.8889050483703613
0.0,3278.0,4.0,21.0,16.0,2.0,17.0,1.5032039759448506,15.942005724739738,30.0,7.565375530170044e-05,1.658016974142047,4.139542579650879
0.0,3278.0,4.0,21.0,16.0,2.0,18.0,1.65822813128217,15.946710605428375,31.0,5.317998698263082e-05,1.6652305709208421,4.410445690155029
0.0,3278.0,4.0,21.0,16.0,2.0,19.0,1.6602918629102306,15.937073305220766,28.0,3.252985991134514e-05,1.2585048378350154,4.412531852722168
0.0,3278.0,4.0,21.0,16.0,2.0,20.0,1.2519204980268877,15.902299795526762,28.0,2.7784913495621472e-05,1.2346986592269096,4.820823669433594
0.0,3278.0,4.0,21.0,16.0,2.0,21.0,1.2353485392567958,15.908312843816278,28.0,0.0,1.122672948516531,5.079209804534912
0.0,3278.0,4.0,21.0,16.0,2.0,22.0,1.1223351202059562,15.908453187350919,28.0,0.0,1.1221037366422135,5.200207233428955
0.0,3278.0,4.0,21.0,16.0,2.0,0.0,1.1142698601580436,16.0,28.0,0.0,1.1142698601580472,2.467036247253418
0.0,3278.0,4.0,21.0,16.0,2.0,1.0,1.1142698601580465,15.999999999999996,28.0,0.0,1.1142698601580467,2.575814723968506
0.0,3278.0,4.0,21.0,16.0,2.0,2.0,1.1142698601580465,15.999999999999996,28.0,0.0,1.1142698601580467,3.0118227005004883
0.0,3278.0,4.0,21.0,16.0,2.0,3.0,1.1142698601580465,15.999999999999996,28.0,0.0,1.1142698601580467,3.210902214050293
0.0,3278.0,4.0,21.0,16.0,2.0,4.0,1.1142698601580465,15.999999999999996,28.0,1.0835147406686894e-05,1.1579797879601352,2.752244472503662
0.0,3278.0,4.0,21.0,16.0,2.0,5.0,1.1563215398967541,15.997667586328111,28.0,2.709140066070899e-05,1.2228142479556816,2.3546814918518066
0.0,3278.0,4.0,21.0,16.0,2.0,6.0,1.230812623321443,16.000692657727765,28.0,4.788680272642544e-05,1.3067931819104583,2.1952390670776367
0.0,3278.0,4.0,21.0,16.0,2.0,7.0,1.3074287633309618,15.995904399913712,28.0,6.53106399503749e-05,1.3770613026325504,2.1955370903015137
0.0,3278.0,4.0,21.0,16.0,2.0,8.0,1.3661029087795646,15.987552151732157,28.0,6.342303854491451e-05,1.3688257773236578,2.211332321166992
0.0,3278.0,4.0,21.0,16.0,2.0,9.0,1.3744330027613587,15.992272590425072,29.0,8.857052979501668e-05,1.5946247446198676,2.2661685943603516
0.0,3278.0,4.0,21.0,16.0,2.0,10.0,1.5896706228186575,15.966197332535776,30.0,7.198350036041133e-05,1.6392762848468267,2.5007128715515137
0.0,3278.0,4.0,21.0,16.0,2.0,11.0,1.636117172559155,15.963807727279608,30.0,8.441927286345306e-05,1.6985113644575331,2.696812152862549
0.0,3278.0,4.0,21.0,16.0,2.0,12.0,1.6778209121592444,15.947343746480938,30.0,5.7881036580641806e-05,1.5727104758317807,2.975165843963623
0.0,3278.0,4.0,21.0,16.0,2.0,13.0,1.5791828073278977,15.97484974367319,30.0,6.391849474251794e-05,1.6026152593066476,3.210902214050293
0.0,3278.0,4.0,21.0,16.0,2.0,14.0,1.5959198778467418,15.964203358112456,30.0,8.262912242669467e-05,1.6885952272885736,3.4859776496887207
0.0,3278.0,4.0,21.0,16.0,2.0,15.0,1.6967904912083007,15.96845602338719,31.0,8.237471870219878e-05,1.8102129996191916,3.72469425201416
0.0,3278.0,4.0,21.0,16.0,2.0,16.0,1.7901262851321145,15.942486193070303,30.0,9.152795863760774e-05,1.7292602819883662,3.9389729499816895
0.0,3278.0,4.0,21.0,16.0,2.0,17.0,1.7547064303939726,15.988433999547537,30.0,8.464098557521656e-05,1.7021257666777023,4.041194915771484
0.0,3278.0,4.0,21.0,16.0,2.0,18.0,1.6843910682497378,15.959660454680897,30.0,7.304043322029292e-05,1.6446802708082982,4.284679889678955
0.0,3278.0,4.0,21.0,16.0,2.0,19.0,1.6438961599154682,15.968301951798429,29.0,5.3391190804889206e-05,1.4459342754864402,4.397332668304443
0.0,3278.0,4.0,21.0,16.0,2.0,20.0,1.4315937506270375,15.94767922967968,29.0,3.073774337179971e-05,1.3438967811929716,4.7203898429870605
0.0,3278.0,4.0,21.0,16.0,2.0,21.0,1.3509593474526795,15.962369828022558,29.0,4.932932844728432e-05,1.4257419773225724,4.950463771820068
0.0,3278.0,4.0,21.0,16.0,2.0,22.0,1.424927219863651,15.957293370555309,29.0,1.9658868114458847e-06,1.2211519996421847,5.238652229309082
0.0,3278.0,4.0,21.0,16.0,2.0,0.0,1.2071256818378806,16.0,29.0,0.0,1.2071256818378802,2.600550651550293
0.0,3278.0,4.0,21.0,16.0,2.0,1.0,1.2071256818378806,16.0,29.0,0.0,1.2071256818378802,2.6848912239074707
0.0,3278.0,4.0,21.0,16.0,2.0,2.0,1.2071256818378806,16.0,29.0,0.0,1.2071256818378802,2.988278865814209
0.0,3278.0,4.0,21.0,16.0,2.0,3.0,1.2071256818378806,16.0,29.0,0.0,1.2071256818378802,3.3023953437805176
0.0,3278.0,4.0,21.0,16.0,2.0,4.0,1.2071256818378806,16.0,29.0,0.0,1.2071256818378802,2.886652946472168
0.0,3278.0,4.0,21.0,16.0,2.0,5.0,1.2071256818378806,16.0,29.0,1.098888762280778e-05,1.2550640020569939,2.472996711730957
0.0,3278.0,4.0,21.0,16.0,2.0,6.0,1.2557300977891366,15.998552415654968,29.0,3.37466805564315e-05,1.3541693008893092,2.288520336151123
0.0,3278.0,4.0,21.0,16.0,2.0,7.0,1.3560089317448372,15.995216680389305,29.0,0.00010035093405774498,1.6464144116398935,2.2536516189575195
0.0,3278.0,4.0,21.0,16.0,2.0,8.0,1.6502131826653559,15.963912710662578,29.0,0.00013973740630796304,1.817282464053424,2.2846460342407227
0.0,3278.0,4.0,21.0,16.0,2.0,9.0,1.8224175568943566,15.958443889021394,29.0,0.00013688809653255308,1.80668301567746,2.319514751434326
0.0,3278.0,4.0,21.0,16.0,2.0,10.0,1.8094659158819546,15.96674227149727,30.0,0.00013203638601850073,1.9221413326973205,2.480745315551758
0.0,3278.0,4.0,21.0,16.0,2.0,11.0,1.9497267435379453,15.953113526724021,31.0,0.00012603044122194682,2.0308266040621454,2.740621566772461
0.0,3278.0,4.0,21.0,16.0,2.0,12.0,2.0264344705940096,15.927927314614152,30.0,0.00010523097525651618,1.801556120229154,3.019273281097412
0.0,3278.0,4.0,21.0,16.0,2.0,13.0,1.807568164552065,15.941348090769445,31.0,0.00010041350703780264,1.9019685509404909,3.2511353492736816
0.0,3278.0,4.0,21.0,16.0,2.0,14.0,1.9063748840829915,15.945869977234683,31.0,0.00016252578690865446,2.2178602620374774,3.4931302070617676
0.0,3278.0,4.0,21.0,16.0,2.0,15.0,2.201468206465782,15.878076992288571,31.0,0.00015082326826781155,2.1594672756540385,3.8763880729675293
0.0,3278.0,4.0,21.0,16.0,2.0,16.0,2.1747398326752982,15.909463995044065,30.0,0.00013963442809351354,1.9715374493253153,3.9905309677124023
0.0,3278.0,4.0,21.0,16.0,2.0,17.0,1.9368951106747494,15.882808011400423,30.0,9.588276339818653e-05,1.7628410740287614,4.276931285858154
0.0,3278.0,4.0,21.0,16.0,2.0,18.0,1.729562903429318,15.876728612437768,26.0,5.915901722609754e-05,1.1550979315514611,4.220008850097656
0.0,3278.0,4.0,21.0,16.0,2.0,19.0,1.1557499017097557,15.804190884498349,27.0,4.2621523655747607e-05,1.1985172122446093,4.766881465911865
0.0,3278.0,4.0,21.0,16.0,2.0,20.0,1.2000668458556398,15.805439971851758,28.0,3.900426592243774e-05,1.2896517902730085,5.086362361907959
0.0,3278.0,4.0,21.0,16.0,2.0,21.0,1.2915697945069247,15.813860331220685,28.0,3.0456423587482365e-05,1.2543635877305943,5.320608615875244
0.0,3278.0,4.0,21.0,16.0,2.0,22.0,1.2415608905644324,15.816268445467074,28.0,2.2158143214293794e-05,1.219201135961249,5.440413951873779
0.0,3278.0,4.0,21.0,16.0,2.0,0.0,1.1142698601580436,16.0,28.0,0.0,1.1142698601580472,2.467036247253418
0.0,3278.0,4.0,21.0,16.0,2.0,1.0,1.1142698601580465,15.999999999999996,29.0,0.0,1.2079790430587158,2.664625644683838
0.0,3278.0,4.0,21.0,16.0,2.0,2.0,1.2074200843509968,15.996007904944625,29.0,0.0,1.2074467421560906,2.994239330291748
0.0,3278.0,4.0,21.0,16.0,2.0,3.0,1.207445930307403,15.996340819745605,29.0,0.0,1.2074366650695425,3.3083558082580566
0.0,3278.0,4.0,21.0,16.0,2.0,4.0,1.2074279076602055,15.996546220094624,29.0,4.10055821975817e-06,1.2252615909166595,2.886652946472168
0.0,3278.0,4.0,21.0,16.0,2.0,5.0,1.2250083068272226,15.996555049978644,29.0,2.9618416572798127e-05,1.3368931728615676,2.45511531829834
0.0,3278.0,4.0,21.0,16.0,2.0,6.0,1.3342398181345092,15.988447910161687,29.0,7.856774102096491e-05,1.550013002236749,2.277195453643799
0.0,3278.0,4.0,21.0,16.0,2.0,7.0,1.5589777172007246,15.97826036639165,29.0,9.276190506841748e-05,1.613476457038653,2.2917985916137695
0.0,3278.0,4.0,21.0,16.0,2.0,8.0,1.5919244378832904,15.96241182168421,29.0,0.00021651647262496847,2.1612701604785043,2.2333860397338867
0.0,3278.0,4.0,21.0,16.0,2.0,9.0,2.147638826951108,15.82161269652309,29.0,0.0002252184321815087,2.207504462015421,2.485215663909912
0.0,3278.0,4.0,21.0,16.0,2.0,10.0,2.1454212575965483,15.783079491733176,30.0,0.00022831290268526637,2.3747298816979123,2.720057964324951
0.0,3278.0,4.0,21.0,16.0,2.0,11.0,2.393696511911855,15.886452430544539,30.0,0.00026899496962054883,2.577990398600844,2.7421116828918457
0.0,3278.0,4.0,21.0,16.0,2.0,12.0,2.5553456493149445,15.837652388319283,30.0,0.0001783905102237656,2.169776074801639,3.193020820617676
0.0,3278.0,4.0,21.0,16.0,2.0,13.0,2.146897078387106,15.849749466193762,31.0,0.00019194156798983103,2.378896478172275,3.4043192863464355
0.0,3278.0,4.0,21.0,16.0,2.0,14.0,2.3431445263414705,15.77345648415558,29.0,0.00018809456970296507,2.056829808227688,3.8313865661621094
0.0,3278.0,4.0,21.0,16.0,2.0,15.0,2.0472547625048847,15.819586109558912,30.0,0.00024652709931308816,2.4775550691147727,3.8740038871765137
0.0,3278.0,4.0,21.0,16.0,2.0,16.0,2.486938133708174,15.765838624360297,30.0,0.00023311917974267775,2.4322130787763885,4.257261753082275
0.0,3278.0,4.0,21.0,16.0,2.0,17.0,2.3395636249517655,15.717044390517591,30.0,0.0002693298267307794,2.5792269418234746,4.5615434646606445
0.0,3278.0,4.0,21.0,16.0,2.0,18.0,2.610215133800688,15.801294351590688,30.0,0.00019892930896681438,2.2753602169285796,4.579126834869385
0.0,3278.0,4.0,21.0,16.0,2.0,19.0,2.2439012784590595,15.782787275294524,29.0,0.00010997996153112524,1.7285314027199117,4.804730415344238
0.0,3278.0,4.0,21.0,16.0,2.0,20.0,1.7186165886914537,15.751922281240432,29.0,9.241401074893425e-05,1.6383540064079691,5.1787495613098145
0.0,3278.0,4.0,21.0,16.0,2.0,21.0,1.6357724634398223,15.75784839191233,29.0,5.88650101768558e-05,1.4891841049350887,5.492269992828369
0.0,3278.0,4.0,21.0,16.0,2.0,22.0,1.4783541696113007,15.761694056138012,29.0,1.580676752287683e-05,1.297314335105182,5.806386470794678
0.0,3278.0,4.0,21.0,16.0,2.0,0.0,1.2071256818378806,16.0,29.0,0.0,1.2071256818378802,2.600550651550293
0.0,3278.0,4.0,21.0,16.0,2.0,1.0,1.2071256818378806,16.0,29.0,1.3923335425927268e-05,1.2678648310964045,2.6917457580566406
0.0,3278.0,4.0,21.0,16.0,2.0,2.0,1.267661523889645,15.998374889977018,29.0,9.593877649688272e-06,1.2488237125263226,2.999603748321533
0.0,3278.0,4.0,21.0,16.0,2.0,3.0,1.2484478930005123,15.99859726130088,29.0,1.7987713134584015e-07,1.2079956393594664,3.2967329025268555
0.0,3278.0,4.0,21.0,16.0,2.0,4.0,1.2080807324827174,15.998255140458372,29.0,3.4178477399492324e-05,1.3570885594317912,2.842843532562256
0.0,3278.0,4.0,21.0,16.0,2.0,5.0,1.3525159363768844,15.988363894608108,28.0,3.106478736775197e-05,1.2400348918976614,2.352595329284668
0.0,3278.0,4.0,21.0,16.0,2.0,6.0,1.246551352541577,15.98802383054649,28.0,3.938147193353786e-05,1.2742893234326682,2.217590808868408
0.0,3278.0,4.0,21.0,16.0,2.0,7.0,1.2606520865265245,15.975037090506069,27.0,0.0001295352759743241,1.499137749177903,2.1189451217651367
0.0,3278.0,4.0,21.0,16.0,2.0,8.0,1.5107059897282529,15.97386921085693,26.0,0.00014233771212894487,1.410210326768063,2.104043960571289
0.0,3278.0,4.0,21.0,16.0,2.0,9.0,1.3933986392920514,15.9560418090942,26.0,0.00013987226792301367,1.3999257661033484,2.2858381271362305
0.0,3278.0,4.0,21.0,16.0,2.0,10.0,1.394696639891506,15.95772578834375,29.0,0.00014921471967945665,1.8678223234949693,2.49326229095459
0.0,3278.0,4.0,21.0,16.0,2.0,11.0,1.8658581787511848,15.889745904045414,29.0,0.00015287419400843107,1.8846870961848388,2.7695298194885254
0.0,3278.0,4.0,21.0,16.0,2.0,12.0,1.8844754387073575,15.890293814009725,30.0,0.00014131922244891177,1.973593329619989,3.0493736267089844
0.0,3278.0,4.0,21.0,16.0,2.0,13.0,1.948009103481263,15.887060854535717,30.0,0.00011125816733131888,1.8329799143177734,3.38822603225708
0.0,3278.0,4.0,21.0,16.0,2.0,14.0,1.8294225856179722,15.905794197493094,31.0,0.0001976413878769951,2.4032044382859916,3.528892993927002
0.0,3278.0,4.0,21.0,16.0,2.0,15.0,2.4016431043863506,15.807330735622672,30.0,0.00015683510635880262,2.0697647686941676,4.017353057861328
0.0,3278.0,4.0,21.0,16.0,2.0,16.0,2.076970465244597,15.809469601949596,31.0,0.0001486523342512907,2.1613727994343845,4.237890243530273
0.0,3278.0,4.0,21.0,16.0,2.0,17.0,2.1784114767209313,15.836177359173773,30.0,0.00013550384895628175,1.9639297727343448,4.357695579528809
0.0,3278.0,4.0,21.0,16.0,2.0,18.0,1.9746481014477322,15.824538718602776,30.0,8.552350431151162e-05,1.727081159293965,4.601776599884033
0.0,3278.0,4.0,21.0,16.0,2.0,19.0,1.712539118583438,15.804984925148183,29.0,8.209901758560344e-05,1.587057668245252,4.793405532836914
0.0,3278.0,4.0,21.0,16.0,2.0,20.0,1.5567928974897287,15.79900235827884,28.0,5.622250800051118e-05,1.3603107522571625,5.044043064117432
0.0,3278.0,4.0,21.0,16.0,2.0,21.0,1.3594691843700537,15.809132345876202,27.0,6.75846983008392e-05,1.2889816149169673,5.08427619934082
0.0,3278.0,4.0,21.0,16.0,2.0,22.0,1.2988148084791802,15.829413845361879,28.0,4.055323407379281e-05,1.295276802917754,5.372464656829834
0.0,3278.0,4.0,21.0,16.0,2.0,0.0,1.1142698601580436,16.0,28.0,0.0,1.1142698601580472,2.467036247253418
0.0,3278.0,4.0,21.0,16.0,2.0,1.0,1.1142698601580465,15.999999999999996,28.0,0.0,1.1142698601580467,2.575814723968506
0.0,3278.0,4.0,21.0,16.0,2.0,2.0,1.1142698601580465,15.999999999999996,28.0,0.0,1.1142698601580467,3.0118227005004883
0.0,3278.0,4.0,21.0,16.0,2.0,3.0,1.1142698601580465,15.999999999999996,28.0,0.0,1.1142698601580467,3.210902214050293
0.0,3278.0,4.0,21.0,16.0,2.0,4.0,1.1142698601580465,15.999999999999996,27.0,1.5521543075418733e-06,1.0271790131759564,2.644956111907959
0.0,3278.0,4.0,21.0,16.0,2.0,5.0,1.0275499886780841,15.997900806934581,27.0,2.026813366758935e-05,1.0965650246286733,2.269446849822998
0.0,3278.0,4.0,21.0,16.0,2.0,6.0,1.094709085515249,15.994979375745066,27.0,5.110336178314528e-05,1.210254324475921,2.1252036094665527
0.0,3278.0,4.0,21.0,16.0,2.0,7.0,1.209838901794402,15.990277421926134,28.0,0.00010025878695638098,1.5211848200283944,2.1785497665405273
0.0,3278.0,4.0,21.0,16.0,2.0,8.0,1.5326690533525853,15.961450483680808,29.0,0.00017386960451379528,1.9752505346693117,2.2587180137634277
0.0,3278.0,4.0,21.0,16.0,2.0,9.0,1.9717044099070127,15.877222526136926,29.0,0.0001975869707518255,2.079117311980661,2.427399158477783
0.0,3278.0,4.0,21.0,16.0,2.0,10.0,2.0729905485016378,15.892188186001839,30.0,0.00021350768015676868,2.3149192653443547,2.5534629821777344
0.0,3278.0,4.0,21.0,16.0,2.0,11.0,2.2995389938150157,15.840105324344094,30.0,0.0002684654240759032,2.567145350697138,2.8124451637268066
0.0,3278.0,4.0,21.0,16.0,2.0,12.0,2.5981458198507403,15.859903181060265,30.0,0.00023311110070412314,2.417266596872981,3.128647804260254
0.0,3278.0,4.0,21.0,16.0,2.0,13.0,2.4497431770149154,15.8893238898413,31.0,0.00020207451743444726,2.4266402459152787,3.358125686645508
0.0,3278.0,4.0,21.0,16.0,2.0,14.0,2.420900195556635,15.884488825590312,29.0,0.0001883817529254801,2.0594271164445628,3.6069750785827637
0.0,3278.0,4.0,21.0,16.0,2.0,15.0,2.0446458504970892,15.857246789054667,30.0,0.00021573862443305289,2.331082786007614,3.8257241249084473
0.0,3278.0,4.0,21.0,16.0,2.0,16.0,2.30384356629757,15.785159356540296,31.0,0.0002805601248179695,2.804788322373892,4.184544086456299
0.0,3278.0,4.0,21.0,16.0,2.0,17.0,2.917038122600314,15.876342354810452,30.0,0.00028529766557824974,2.6961068948769786,4.169940948486328
0.0,3278.0,4.0,21.0,16.0,2.0,18.0,2.624932170058621,15.70086947535499,29.0,0.00016670476504153159,1.9933718877521256,4.78208065032959
0.0,3278.0,4.0,21.0,16.0,2.0,19.0,1.959535136296896,15.698030249169557,29.0,0.00010686801196227214,1.7130041765329627,5.049705505371094
0.0,3278.0,4.0,21.0,16.0,2.0,20.0,1.694993364795025,15.692580769314393,29.0,5.499394356749239e-05,1.4782318705846815,5.392730236053467
0.0,3278.0,4.0,21.0,16.0,2.0,21.0,1.4662795141637288,15.711242508747805,29.0,4.61132016879489e-05,1.435380468244917,5.671977996826172
0.0,3278.0,4.0,21.0,16.0,2.0,22.0,1.4270806232113082,15.72885447086775,29.0,3.386777465427868e-05,1.3785430592478294,5.893111228942871
0.0,3278.0,4.0,21.0,16.0,2.0,0.0,1.2071256818378806,16.0,29.0,0.0,1.2071256818378802,2.600550651550293
0.0,3278.0,4.0,21.0,16.0,2.0,1.0,1.2071256818378806,16.0,29.0,0.0,1.2071256818378802,2.6848912239074707
0.0,3278.0,4.0,21.0,16.0,2.0,2.0,1.2071256818378806,16.0,28.0,0.0,1.1143400302848383,3.040134906768799
0.0,3278.0,4.0,21.0,16.0,2.0,3.0,1.114457979419448,15.997730388979537,28.0,0.0,1.1144663324320567,3.2150745391845703
0.0,3278.0,4.0,21.0,16.0,2.0,4.0,1.11446199300883,15.997832423963603,28.0,3.1187073763657574e-05,1.2407473373770306,2.7307868003845215
0.0,3278.0,4.0,21.0,16.0,2.0,5.0,1.235386438589813,15.988854869700875,28.0,3.9594284958924235e-05,1.2735677538534569,2.3493170738220215
0.0,3278.0,4.0,21.0,16.0,2.0,6.0,1.2750794930081915,15.990362033028532,28.0,3.906135090519335e-05,1.2715901257588635,2.2161006927490234
0.0,3278.0,4.0,21.0,16.0,2.0,7.0,1.2675444913381377,15.98942984967849,29.0,9.779263058567791e-05,1.6384391670771608,2.258419990539551
0.0,3278.0,4.0,21.0,16.0,2.0,8.0,1.6335021798756073,15.94436648266988,29.0,0.000179841335646963,1.99362046652405,2.2843480110168457
0.0,3278.0,4.0,21.0,16.0,2.0,9.0,2.039551619608033,15.953850532167943,29.0,0.0001859679509222001,2.0281024993187518,2.319812774658203
0.0,3278.0,4.0,21.0,16.0,2.0,10.0,2.052988726722418,15.948071921965433,26.0,0.00024588540222618036,1.775091013174688,2.448558807373047
0.0,3278.0,4.0,21.0,16.0,2.0,11.0,1.779637130918943,15.923104060953266,27.0,0.0002625169972638792,2.0021839953636205,2.6938319206237793
0.0,3278.0,4.0,21.0,16.0,2.0,12.0,2.028093029609675,15.88655738656288,27.0,0.00018352746928786067,1.719488224029046,3.0985474586486816
0.0,3278.0,4.0,21.0,16.0,2.0,13.0,1.7752439345711237,15.910493749078084,29.0,0.00020084279460732478,2.104582495826215,3.260672092437744
0.0,3278.0,4.0,21.0,16.0,2.0,14.0,2.0902006621185687,15.820686459289764,30.0,0.00020167783367248184,2.270602435472986,3.707408905029297
0.0,3278.0,4.0,21.0,16.0,2.0,15.0,2.2279984042761054,15.754041035217204,30.0,0.00024085052608816573,2.4435983382332083,4.049837589263916
0.0,3278.0,4.0,21.0,16.0,2.0,16.0,2.479115542710145,15.830508535679652,30.0,0.00024942437992707866,2.4913637668384383,4.096627235412598
0.0,3278.0,4.0,21.0,16.0,2.0,17.0,2.5286782469630715,15.87272461108383,30.0,0.0002563739049337168,2.526643448180461,4.191398620605469
0.0,3278.0,4.0,21.0,16.0,2.0,18.0,2.5615173292043885,15.853798534613167,30.0,0.00018090942535913866,2.1894665555152404,4.458725452423096
0.0,3278.0,4.0,21.0,16.0,2.0,19.0,2.1158962994703154,15.763383851331701,30.0,0.00015463706526722641,2.045524262749165,4.909932613372803
0.0,3278.0,4.0,21.0,16.0,2.0,20.0,2.0128641912762375,15.813956863268018,29.0,7.291256352117133e-05,1.5540232811903325,4.9939751625061035
0.0,3278.0,4.0,21.0,16.0,2.0,21.0,1.5570665146574063,15.792429226033121,29.0,3.9132431817634436e-05,1.399415849178512,5.414187908172607
0.0,3278.0,4.0,21.0,16.0,2.0,22.0,1.399456424578536,15.79503850289062,29.0,2.0757477636811207e-05,1.3167178672094837,5.702972412109375
0.0,3278.0,4.0,21.0,16.0,2.0,0.0,1.2071256818378806,16.0,29.0,0.0,1.2071256818378802,2.600550651550293
0.0,3278.0,4.0,21.0,16.0,2.0,1.0,1.2071256818378806,16.0,29.0,0.0,1.2071256818378802,2.6848912239074707
0.0,3278.0,4.0,21.0,16.0,2.0,2.0,1.2071256818378806,16.0,29.0,0.0,1.2071256818378802,2.988278865814209
0.0,3278.0,4.0,21.0,16.0,2.0,3.0,1.2071256818378806,16.0,29.0,0.0,1.2071256818378802,3.3023953437805176
0.0,3278.0,4.0,21.0,16.0,2.0,4.0,1.2071256818378806,16.0,29.0,4.200286133339208e-05,1.390613702250128,2.82973051071167
0.0,3278.0,4.0,21.0,16.0,2.0,5.0,1.4005497373143858,15.996327746994185,28.0,4.890214639626878e-05,1.3121972571610345,2.321600914001465
0.0,3278.0,4.0,21.0,16.0,2.0,6.0,1.30769534699853,15.987075675900767,27.0,6.318400002392343e-05,1.2550123428033428,2.1386146545410156
0.0,3278.0,4.0,21.0,16.0,2.0,7.0,1.2466974375113653,15.984476428585547,27.0,8.879863284954882e-05,1.349482816723186,2.1275877952575684
0.0,3278.0,4.0,21.0,16.0,2.0,8.0,1.348102692690603,15.978252058025726,27.0,9.950685334092325e-05,1.3888117012074932,2.130866050720215
0.0,3278.0,4.0,21.0,16.0,2.0,9.0,1.394102284545682,15.9767594714703,27.0,9.579559603425402e-05,1.3758723244778022,2.293884754180908
0.0,3278.0,4.0,21.0,16.0,2.0,10.0,1.3679601553056018,15.971891946290366,28.0,0.00011698553886205133,1.5857033815255157,2.4521350860595703
0.0,3278.0,4.0,21.0,16.0,2.0,11.0,1.5965493280538166,15.968040202219191,28.0,0.00011396659754698371,1.5757536789296052,2.6682019233703613
0.0,3278.0,4.0,21.0,16.0,2.0,12.0,1.5655859669917074,15.963214271190711,27.0,0.00010806210559221466,1.424432204800731,2.964138984680176
0.0,3278.0,4.0,21.0,16.0,2.0,13.0,1.4122261399951206,15.958301300259514,28.0,0.00010851080930031859,1.5540313341090457,3.1885504722595215
0.0,3278.0,4.0,21.0,16.0,2.0,14.0,1.5598052900862334,15.951932937071014,28.0,9.606072151320271e-05,1.5041618187765744,3.451108932495117
0.0,3278.0,4.0,21.0,16.0,2.0,15.0,1.5053799536992962,15.963624419961494,29.0,8.675633712631725e-05,1.5901846854139914,3.6463141441345215
0.0,3278.0,4.0,21.0,16.0,2.0,16.0,1.5842618294764852,15.94198113774473,28.0,0.0001122006340625289,1.570647344207996,3.826022148132324
0.0,3278.0,4.0,21.0,16.0,2.0,17.0,1.5422499253136819,15.931135624124208,27.0,0.00011500381922475568,1.4480472974464513,3.9386749267578125
0.0,3278.0,4.0,21.0,16.0,2.0,18.0,1.4729520594580459,15.96911575524217,27.0,6.48094079416677e-05,1.2684851972621862,4.062950611114502
0.0,3278.0,4.0,21.0,16.0,2.0,19.0,1.2566309368174593,15.939165179600051,27.0,5.415608908346243e-05,1.2259903214863268,4.406869411468506
0.0,3278.0,4.0,21.0,16.0,2.0,20.0,1.2271946502850024,15.944818628352214,27.0,4.2298304332374074e-05,1.1818430576664545,4.610419273376465
0.0,3278.0,4.0,21.0,16.0,2.0,21.0,1.1921498256158005,15.953095749984685,28.0,3.0894441750467755e-05,1.2437915610856571,4.9301981925964355
0.0,3278.0,4.0,21.0,16.0,2.0,22.0,1.2484076519810074,15.949776368875089,27.0,1.3631356078809476e-05,1.0773826130280986,4.871189594268799
0.0,3278.0,4.0,21.0,16.0,2.0,0.0,1.0214140384782067,16.0,27.0,0.0,1.0214140384782067,2.3168325424194336
0.0,3278.0,4.0,21.0,16.0,2.0,1.0,1.0214140384782067,16.0,27.0,0.0,1.0214140384782067,2.4437904357910156
0.0,3278.0,4.0,21.0,16.0,2.0,2.0,1.0214140384782067,16.0,27.0,0.0,1.0214140384782067,3.0118227005004883
0.0,3278.0,4.0,21.0,16.0,2.0,3.0,1.0214140384782067,16.0,26.0,0.0,0.9286933552998679,2.955794334411621
0.0,3278.0,4.0,21.0,16.0,2.0,4.0,0.9287935102287384,15.997282458466515,26.0,1.1001891400141238e-05,0.9657340384782636,2.574026584625244
0.0,3278.0,4.0,21.0,16.0,2.0,5.0,0.9666848232027601,15.996819362784485,26.0,2.7382925780865637e-05,1.0206749977752791,2.179443836212158
0.0,3278.0,4.0,21.0,16.0,2.0,6.0,1.0175458506335922,15.993953869973708,26.0,4.877618669303404e-05,1.0918658889545785,2.0560622215270996
0.0,3278.0,4.0,21.0,16.0,2.0,7.0,1.096446594516194,15.996566042964384,27.0,6.71362542636737e-05,1.2713215256558221,2.1156668663024902
0.0,3278.0,4.0,21.0,16.0,2.0,8.0,1.264099178331839,15.97215003105721,27.0,6.350174831518456e-05,1.2566768630436695,2.1523237228393555
0.0,3278.0,4.0,21.0,16.0,2.0,9.0,1.2477066674760835,15.974558611992604,27.0,8.959488312117009e-05,1.3529260771996052,2.302825450897217
0.0,3278.0,4.0,21.0,16.0,2.0,10.0,1.3565310925993184,15.967958870305736,27.0,7.255547539891491e-05,1.2902882568947032,2.504885196685791
0.0,3278.0,4.0,21.0,16.0,2.0,11.0,1.297161977522975,15.978723431117386,28.0,8.781057376814504e-05,1.4722200380186545,2.6425719261169434
0.0,3278.0,4.0,21.0,16.0,2.0,12.0,1.4400658762592535,15.93719429400257,28.0,5.809152016196984e-05,1.3491347832321305,3.0103325843811035
0.0,3278.0,4.0,21.0,16.0,2.0,13.0,1.3691826918439383,15.97503862404022,28.0,6.34707420338767e-05,1.372969642167663,3.184080123901367
0.0,3278.0,4.0,21.0,16.0,2.0,14.0,1.3785694263429165,15.970721334444479,28.0,8.404260673550637e-05,1.4545283344712328,3.4034252166748047
0.0,3278.0,4.0,21.0,16.0,2.0,15.0,1.470538593491691,15.974235940025636,27.0,8.532302580251481e-05,1.3429460477569055,3.560185432434082
0.0,3278.0,4.0,21.0,16.0,2.0,16.0,1.3177135465301897,15.941319400312508,28.0,8.909561684968102e-05,1.4749060802824783,3.8322806358337402
0.0,3278.0,4.0,21.0,16.0,2.0,17.0,1.473138291724628,15.951117022584787,28.0,8.534583866941804e-05,1.4606208236149685,3.9842724800109863
0.0,3278.0,4.0,21.0,16.0,2.0,18.0,1.4714753425764082,15.963786543723442,28.0,7.320684361918574e-05,1.4134172862014154,4.136264324188232
0.0,3278.0,4.0,21.0,16.0,2.0,19.0,1.4101988013553821,15.955906363329957,28.0,5.150655210507222e-05,1.325561618714213,4.368424415588379
0.0,3278.0,4.0,21.0,16.0,2.0,20.0,1.318419874865813,15.955605028308753,27.0,3.058867896512831e-05,1.1390392723811975,4.579424858093262
0.0,3278.0,4.0,21.0,16.0,2.0,21.0,1.1433442710930695,15.956090878113647,28.0,4.969070865277711e-05,1.3200342035928503,4.907846450805664
0.0,3278.0,4.0,21.0,16.0,2.0,22.0,1.3240049577181152,15.944814894920604,28.0,2.0056380319483575e-06,1.1296513749709445,5.075335502624512
0.0,3278.0,4.0,21.0,16.0,2.0,0.0,1.0214140384782067,16.0,27.0,0.0,1.0214140384782067,2.3168325424194336
0.0,3278.0,4.0,21.0,16.0,2.0,1.0,1.0214140384782067,16.0,26.0,0.0,0.9286933552998679,2.3987889289855957
0.0,3278.0,4.0,21.0,16.0,2.0,2.0,0.9287935102287384,15.997282458466515,26.0,0.0,0.9287926730919975,2.8020143508911133
0.0,3278.0,4.0,21.0,16.0,2.0,3.0,0.9287858151142662,15.997412271080881,26.0,0.0,0.9287797967327398,2.956986427307129
0.0,3278.0,4.0,21.0,16.0,2.0,4.0,0.9287740773014113,15.997545733682493,26.0,0.0,0.9287683687932244,2.5832653045654297
0.0,3278.0,4.0,21.0,16.0,2.0,5.0,0.9287629440300811,15.997672312821043,27.0,1.1342074075483705e-05,1.0650145078755122,2.282559871673584
0.0,3278.0,4.0,21.0,16.0,2.0,6.0,1.064669845747671,15.9890447925255,27.0,3.408650241128247e-05,1.148371374713824,2.1395087242126465
0.0,3278.0,4.0,21.0,16.0,2.0,7.0,1.1405821918311858,15.981867316908103,27.0,0.00010239227665748692,1.4013587452677516,2.117455005645752
0.0,3278.0,4.0,21.0,16.0,2.0,8.0,1.4051369006755177,15.965800211963645,27.0,0.00013732579468926835,1.5313661294420264,2.129077911376953
0.0,3278.0,4.0,21.0,16.0,2.0,9.0,1.5327601797193606,15.94626059469547,27.0,0.0001368959333128182,1.5278970862047618,2.3102760314941406
0.0,3278.0,4.0,21.0,16.0,2.0,10.0,1.542364811157662,15.977503276749701,26.0,0.00012895954429885186,1.3668686826493857,2.467930316925049
0.0,3278.0,4.0,21.0,16.0,2.0,11.0,1.4131637679868547,15.982865777715078,27.0,0.00012541073823668484,1.4898187261579194,2.6550889015197754
0.0,3278.0,4.0,21.0,16.0,2.0,12.0,1.4967484229390156,15.954930762146814,27.0,0.00010090081094589079,1.4003802889925039,2.974271774291992
0.0,3278.0,4.0,21.0,16.0,2.0,13.0,1.3890532049776128,15.943040724078047,27.0,0.00010138834225823022,1.4001063628644772,3.2010674476623535
0.0,3278.0,4.0,21.0,16.0,2.0,14.0,1.3930540752592013,15.94177411850714,28.0,0.00016014814158080672,1.768471886158992,3.407895565032959
0.0,3278.0,4.0,21.0,16.0,2.0,15.0,1.7526835777252094,15.861648194053132,29.0,0.0001449114533282274,1.8420734275993524,3.8301944732666016
0.0,3278.0,4.0,21.0,16.0,2.0,16.0,1.8733878153590482,15.933590563355509,29.0,0.0001411471722885894,1.831836846804356,3.885328769683838
0.0,3278.0,4.0,21.0,16.0,2.0,17.0,1.8576742495871383,15.935561770828244,29.0,9.72591011707858e-05,1.6450564110843573,4.096031188964844
0.0,3278.0,4.0,21.0,16.0,2.0,18.0,1.6571181886482502,15.910693386542594,29.0,5.7284469830131535e-05,1.467590474719103,4.338324069976807
0.0,3278.0,4.0,21.0,16.0,2.0,19.0,1.4795250416902763,15.914741265528441,28.0,4.171484308104036e-05,1.293285949151821,4.471540451049805
0.0,3278.0,4.0,21.0,16.0,2.0,20.0,1.294565670727452,15.906677450668887,28.0,3.909227825790782e-05,1.2810659188586226,4.7969818115234375
0.0,3278.0,4.0,21.0,16.0,2.0,21.0,1.2696059517282163,15.90038109721393,28.0,2.9719523333195286e-05,1.241528729817848,5.071163177490234
0.0,3278.0,4.0,21.0,16.0,2.0,22.0,1.2374246915318916,15.909421191188112,28.0,2.2566578274439727e-05,1.2119603022451222,5.162358283996582
0.0,3278.0,4.0,21.0,16.0,2.0,0.0,1.1396368901795386,16.0,28.0,5.503424341173719e-06,1.1362997867885059,2.4765729904174805
0.0,3278.0,4.0,21.0,16.0,2.0,1.0,1.1356181124573128,15.999736249202712,28.0,7.518607104488038e-06,1.1443188638606832,2.588331699371338
0.0,3278.0,4.0,21.0,16.0,2.0,2.0,1.1460787387063132,16.00067887532169,28.0,1.7013114725578756e-05,1.1826739849591956,3.0300021171569824
0.0,3278.0,4.0,21.0,16.0,2.0,3.0,1.1809886388121538,15.998234733442436,28.0,1.620864897100331e-05,1.1792476582241358,3.1870603561401367
0.0,3278.0,4.0,21.0,16.0,2.0,4.0,1.1797385252367736,15.997914126650777,28.0,2.0740259820002093e-05,1.1975572253988946,2.73972749710083
0.0,3278.0,4.0,21.0,16.0,2.0,5.0,1.1915697544560235,15.995856299197804,28.0,2.151655360761798e-05,1.2002124204161642,2.3609399795532227
0.0,3278.0,4.0,21.0,16.0,2.0,6.0,1.2002803377950295,16.000199973273553,28.0,6.156568541429277e-05,1.361227856226791,2.186596393585205
0.0,3278.0,4.0,21.0,16.0,2.0,7.0,1.383417864845918,16.00420102165108,28.0,0.00012088851063092377,1.6039214987872608,2.1570920944213867
0.0,3278.0,4.0,21.0,16.0,2.0,8.0,1.6006203322757735,15.950292659000688,29.0,0.00017186735661430365,1.953344968457722,2.2807717323303223
0.0,3278.0,4.0,21.0,16.0,2.0,9.0,2.0265542513020405,15.97435676312542,30.0,0.00014909829035727155,2.012193633390904,2.3353099822998047
0.0,3278.0,4.0,21.0,16.0,2.0,10.0,1.9737472433683438,15.895801083855195,30.0,0.00014111341872216897,1.963099937572383,2.5659799575805664
0.0,3278.0,4.0,21.0,16.0,2.0,11.0,2.009605262120095,15.967688461884638,30.0,0.0001304767983078605,1.919215178166499,2.6476383209228516
0.0,3278.0,4.0,21.0,16.0,2.0,12.0,1.9361098816016362,15.970292513485829,31.0,0.00010802573506618874,1.9436353309389736,2.912580966949463
0.0,3278.0,4.0,21.0,16.0,2.0,13.0,1.9425088210817432,15.93226501960365,31.0,0.0001288532583953546,2.0498903096849994,3.2651424407958984
0.0,3278.0,4.0,21.0,16.0,2.0,14.0,1.9797609139654606,15.863799710538036,32.0,0.00019116914378964787,2.5151396044021337,3.629922866821289
0.0,3278.0,4.0,21.0,16.0,2.0,15.0,2.5114576109552122,15.792041282756411,31.0,0.00015892919187935844,2.2127963095107814,4.087388515472412
0.0,3278.0,4.0,21.0,16.0,2.0,16.0,2.2245702518444634,15.876827417858172,31.0,0.00014158671999442405,2.127607267452802,4.098415374755859
0.0,3278.0,4.0,21.0,16.0,2.0,17.0,2.0907387119823615,15.81980337019336,31.0,0.00011532423747055442,1.9865673659622296,4.455745220184326
0.0,3278.0,4.0,21.0,16.0,2.0,18.0,1.9803480275853094,15.862876839903105,30.0,6.174948794740772e-05,1.6117956167305252,4.518032073974609
0.0,3278.0,4.0,21.0,16.0,2.0,19.0,1.6105742493589044,15.839957876857621,30.0,5.7133532691545296e-05,1.5830763185502612,4.807114601135254
0.0,3278.0,4.0,21.0,16.0,2.0,20.0,1.5870897220971127,15.853696838171873,29.0,5.436858373618462e-05,1.4607682775273416,4.93854284286499
0.0,3278.0,4.0,21.0,16.0,2.0,21.0,1.4424869502864965,15.84086889647934,29.0,5.168698114765251e-05,1.4435703829409359,5.279779434204102
0.0,3278.0,4.0,21.0,16.0,2.0,22.0,1.4598397965412497,15.879593490283519,29.0,4.518220700521826e-05,1.4186231610042976,5.409121513366699
0.0,3278.0,4.0,21.0,16.0,2.0,0.0,1.2071256818378806,16.0,29.0,0.0,1.2071256818378802,2.600550651550293
0.0,3278.0,4.0,21.0,16.0,2.0,1.0,1.2071256818378806,16.0,29.0,1.9579947809540342e-05,1.2927307020679697,2.6941299438476562
0.0,3278.0,4.0,21.0,16.0,2.0,2.0,1.2903309771393536,15.995610543105338,28.0,1.692372119770279e-05,1.1824438476289212,3.082454204559326
0.0,3278.0,4.0,21.0,16.0,2.0,3.0,1.1826271560337913,15.99512691453352,28.0,3.347898109015151e-05,1.249201187286278,3.1685829162597656
0.0,3278.0,4.0,21.0,16.0,2.0,4.0,1.2502023039622363,15.994139461169611,28.0,3.0191302634273347e-05,1.2360863361417695,2.7301907539367676
0.0,3278.0,4.0,21.0,16.0,2.0,5.0,1.2335831512263817,15.991219806652166,28.0,3.442634734907508e-05,1.2530152216448138,2.35140323638916
0.0,3278.0,4.0,21.0,16.0,2.0,6.0,1.247770849101635,15.989305550690437,28.0,4.9291469700287006e-05,1.3120877295650872,2.2104382514953613
0.0,3278.0,4.0,21.0,16.0,2.0,7.0,1.3168822030312517,15.995437901305403,28.0,0.00011854991647142859,1.592743353218123,2.166926860809326
0.0,3278.0,4.0,21.0,16.0,2.0,8.0,1.59783126750788,15.975679622667224,29.0,0.00019970201462527927,2.0865840593027927,2.226531505584717
0.0,3278.0,4.0,21.0,16.0,2.0,9.0,2.087470990096372,15.883564759221546,30.0,0.00019445916482218546,2.2269779673029686,2.4434924125671387
0.0,3278.0,4.0,21.0,16.0,2.0,10.0,2.1969337802073676,15.831386797898448,31.0,0.00020067884657554828,2.4062208190164553,2.677738666534424
0.0,3278.0,4.0,21.0,16.0,2.0,11.0,2.433845056511724,15.895468561822302,31.0,0.0002612025196680596,2.7145350685812364,2.7829408645629883
0.0,3278.0,4.0,21.0,16.0,2.0,12.0,2.761197307132355,15.850967110949977,31.0,0.0001702967305994358,2.2833335950922846,3.1676888465881348
0.0,3278.0,4.0,21.0,16.0,2.0,13.0,2.339931786230991,15.87776684142575,31.0,0.0002159457540702132,2.49943509354968,3.358125686645508
0.0,3278.0,4.0,21.0,16.0,2.0,14.0,2.536402845076025,15.856884471226385,31.0,0.00019888659417556517,2.422405291147699,3.686845302581787
0.0,3278.0,4.0,21.0,16.0,2.0,15.0,2.389989237346811,15.827386576116957,31.0,0.0002051516463663578,2.4451018061565684,3.943145275115967
0.0,3278.0,4.0,21.0,16.0,2.0,16.0,2.430955675034992,15.822882367879346,31.0,0.00024731180496368897,2.6574099068282346,4.14431095123291
0.0,3278.0,4.0,21.0,16.0,2.0,17.0,2.614281562211565,15.74221773349714,30.0,0.0002833558628380961,2.642427525890271,4.493296146392822
0.0,3278.0,4.0,21.0,16.0,2.0,18.0,2.688130506110407,15.895433638842015,30.0,0.0001999915425700922,2.280614957867849,4.345178604125977
0.0,3278.0,4.0,21.0,16.0,2.0,19.0,2.249889402866107,15.8138202755817,30.0,0.00011898988028420813,1.8901871478534085,4.791319370269775
0.0,3278.0,4.0,21.0,16.0,2.0,20.0,1.8644763289665578,15.782537653196474,30.0,8.055895477190936e-05,1.7014809147902452,5.187094211578369
0.0,3278.0,4.0,21.0,16.0,2.0,21.0,1.660405291808592,15.778213672086865,29.0,4.815778705563048e-05,1.4374334450686808,5.435347557067871
0.0,3278.0,4.0,21.0,16.0,2.0,22.0,1.4191803902824134,15.793448396803015,29.0,3.8470478912498474e-05,1.3921951275607871,5.68389892578125
0.0,3278.0,4.0,21.0,16.0,2.0,0.0,1.2071256818378806,16.0,29.0,0.0,1.2071256818378802,2.600550651550293
0.0,3278.0,4.0,21.0,16.0,2.0,1.0,1.2071256818378806,16.0,29.0,0.0,1.2071256818378802,2.6848912239074707
0.0,3278.0,4.0,21.0,16.0,2.0,2.0,1.2071256818378806,16.0,29.0,0.0,1.2071256818378802,2.988278865814209
0.0,3278.0,4.0,21.0,16.0,2.0,3.0,1.2071256818378806,16.0,29.0,0.0,1.2071256818378802,3.3023953437805176
0.0,3278.0,4.0,21.0,16.0,2.0,4.0,1.2071256818378806,16.0,29.0,1.970757073703011e-05,1.2934141589866701,2.859830856323242
0.0,3278.0,4.0,21.0,16.0,2.0,5.0,1.2874917720591186,15.993866598946033,29.0,3.334460901341739e-05,1.3524623966481057,2.4512410163879395
0.0,3278.0,4.0,21.0,16.0,2.0,6.0,1.3471103272648701,15.989724724727935,28.0,3.608534003648796e-05,1.2596510435966315,2.2223591804504395
0.0,3278.0,4.0,21.0,16.0,2.0,7.0,1.253742548980729,15.986756468642165,26.0,0.00013437542587951495,1.3775319983710423,2.034902572631836
0.0,3278.0,4.0,21.0,16.0,2.0,8.0,1.3873078741411802,15.991425656099445,26.0,0.00017252354295711427,1.5057476404131942,2.0569562911987305
0.0,3278.0,4.0,21.0,16.0,2.0,9.0,1.5360656279748077,15.993324562203764,28.0,0.0001669765131866426,1.7897458379902884,2.2777915000915527
0.0,3278.0,4.0,21.0,16.0,2.0,10.0,1.781751566392798,15.943598615929066,29.0,0.0001299667116051286,1.7773909748894177,2.5033950805664062
0.0,3278.0,4.0,21.0,16.0,2.0,11.0,1.7851087160720496,15.94799106569812,30.0,0.00013446912527278283,1.9342321157393465,2.6994943618774414
0.0,3278.0,4.0,21.0,16.0,2.0,12.0,1.9403700481169486,15.939381121905289,30.0,0.0001562744507040519,2.0385383779441377,2.964138984680176
0.0,3278.0,4.0,21.0,16.0,2.0,13.0,2.0280071986587442,15.913523243940146,30.0,0.00010233441420247673,1.7888508750430228,3.350377082824707
0.0,3278.0,4.0,21.0,16.0,2.0,14.0,1.7790340279078662,15.934620733228126,30.0,0.00019640140811597617,2.234336785026089,3.452599048614502
0.0,3278.0,4.0,21.0,16.0,2.0,15.0,2.222580870111529,15.833230974365943,30.0,0.0001766775236462373,2.1470975592765145,3.936588764190674
0.0,3278.0,4.0,21.0,16.0,2.0,16.0,2.1122704363741107,15.842342332923662,30.0,0.00016122932074821543,2.0694788156549215,4.119575023651123
0.0,3278.0,4.0,21.0,16.0,2.0,17.0,2.0867016249657095,15.87911889659091,30.0,0.00011266110935638705,1.8449817695710622,4.271268844604492
0.0,3278.0,4.0,21.0,16.0,2.0,18.0,1.8868976515036409,15.895710572858093,29.0,8.244767760725528e-05,1.5888136538127975,4.353821277618408
0.0,3278.0,4.0,21.0,16.0,2.0,19.0,1.5566885379280975,15.837437091671115,29.0,6.405340923267335e-05,1.4993039363552083,4.7332048416137695
0.0,3278.0,4.0,21.0,16.0,2.0,20.0,1.4999648405266273,15.861526679176452,29.0,4.563036570110201e-05,1.419419094740314,4.933476448059082
0.0,3278.0,4.0,21.0,16.0,2.0,21.0,1.4128692460280403,15.863460285970817,29.0,5.33028234353654e-05,1.451893081601854,5.2168965339660645
0.0,3278.0,4.0,21.0,16.0,2.0,22.0,1.4389552564488106,15.866832149530866,29.0,4.2594357893424036e-05,1.403127082118925,5.453526973724365
0.0,3278.0,4.0,21.0,16.0,2.0,0.0,1.1142698601580436,16.0,28.0,0.0,1.1142698601580472,2.467036247253418
0.0,3278.0,4.0,21.0,16.0,2.0,1.0,1.1142698601580465,15.999999999999996,28.0,0.0,1.1142698601580467,2.575814723968506
0.0,3278.0,4.0,21.0,16.0,2.0,2.0,1.1142698601580465,15.999999999999996,28.0,0.0,1.1142698601580467,3.0118227005004883
0.0,3278.0,4.0,21.0,16.0,2.0,3.0,1.1142698601580465,15.999999999999996,28.0,0.0,1.1142698601580467,3.210902214050293
0.0,3278.0,4.0,21.0,16.0,2.0,4.0,1.1142698601580465,15.999999999999996,28.0,3.105613103955224e-05,1.2406565927224882,2.727508544921875
0.0,3278.0,4.0,21.0,16.0,2.0,5.0,1.2245436945213255,15.980621817760394,28.0,3.85892862622641e-05,1.2688064633449838,2.3621320724487305
0.0,3278.0,4.0,21.0,16.0,2.0,6.0,1.2628771395734193,15.989447879479455,28.0,3.978245392252864e-05,1.2744993259917865,2.2163987159729004
0.0,3278.0,4.0,21.0,16.0,2.0,7.0,1.2658215743306531,15.986127544140007,25.0,9.577696098105863e-05,1.126066290967312,1.983940601348877
0.0,3278.0,4.0,21.0,16.0,2.0,8.0,1.1184227961718174,15.976103907390494,29.0,0.00018371249374509775,2.047379231657396,2.1895766258239746
0.0,3278.0,4.0,21.0,16.0,2.0,9.0,2.063419584209333,15.740564349290574,29.0,0.00018697930055407952,2.06193756752167,2.6178359985351562
0.0,3278.0,4.0,21.0,16.0,2.0,10.0,2.061046250832091,15.730485799246091,30.0,0.0002367914030774892,2.448950645792136,2.8187036514282227
0.0,3278.0,4.0,21.0,16.0,2.0,11.0,2.4454875650578565,15.663927294592588,30.0,0.00026032260066723915,2.559992710924801,3.126859664916992
0.0,3278.0,4.0,21.0,16.0,2.0,12.0,2.5616871146519324,15.708656168406446,31.0,0.0001863691074533674,2.3657019702137063,3.3998489379882812
0.0,3278.0,4.0,21.0,16.0,2.0,13.0,2.405962262998689,15.811766180914047,31.0,0.00019382060347303975,2.4026386321361595,3.5071372985839844
0.0,3278.0,4.0,21.0,16.0,2.0,14.0,2.4310380874240765,15.765698237300047,31.0,0.0002013432762914535,2.4313790730810343,3.8686394691467285
0.0,3278.0,4.0,21.0,16.0,2.0,15.0,2.460506760066778,15.829336116015389,31.0,0.00023470884739651632,2.6000507685495835,3.9130449295043945
0.0,3278.0,4.0,21.0,16.0,2.0,16.0,2.616128368217497,15.781413048945375,32.0,0.000255525951282749,2.8692540636169612,4.2435526847839355
0.0,3278.0,4.0,21.0,16.0,2.0,17.0,2.9270111068828473,15.859410828209521,31.0,0.00025951121297388373,2.7467412392322417,4.265010356903076
0.0,3278.0,4.0,21.0,16.0,2.0,18.0,2.665570622321635,15.722297897612128,31.0,0.00017470847235629235,2.3005248470840747,4.877150058746338
0.0,3278.0,4.0,21.0,16.0,2.0,19.0,2.329242862256293,15.87287355606574,30.0,0.00015702825669756783,2.0722523696773854,4.608631134033203
0.0,3278.0,4.0,21.0,16.0,2.0,20.0,2.0591060789978775,15.81570998410547,30.0,7.330948099015451e-05,1.675873759745745,5.08040189743042
0.0,3278.0,4.0,21.0,16.0,2.0,21.0,1.6506306598882934,15.771037828794231,30.0,3.975909132422673e-05,1.5074711914016794,5.529224872589111
0.0,3278.0,4.0,21.0,16.0,2.0,22.0,1.5033418090622703,15.788552403791565,29.0,2.0565098950919944e-05,1.3163744895420204,5.7128071784973145
0.0,3278.0,4.0,21.0,16.0,2.0,0.0,1.2071256818378806,16.0,29.0,0.0,1.2071256818378802,2.600550651550293
0.0,3278.0,4.0,21.0,16.0,2.0,1.0,1.2071256818378806,16.0,29.0,0.0,1.2071256818378802,2.6848912239074707
0.0,3278.0,4.0,21.0,16.0,2.0,2.0,1.2071256818378806,16.0,29.0,0.0,1.2071256818378802,2.988278865814209
0.0,3278.0,4.0,21.0,16.0,2.0,3.0,1.2071256818378806,16.0,29.0,0.0,1.2071256818378802,3.3023953437805176
0.0,3278.0,4.0,21.0,16.0,2.0,4.0,1.2071256818378806,16.0,28.0,0.0,1.1143400302848383,2.759993076324463
0.0,3278.0,4.0,21.0,16.0,2.0,5.0,1.114457979419448,15.997730388979537,28.0,2.240031005073617e-05,1.2048457912116575,2.3612380027770996
0.0,3278.0,4.0,21.0,16.0,2.0,6.0,1.206569210944256,15.995077858608562,29.0,3.3553436011559386e-05,1.3544506317091556,2.2906064987182617
0.0,3278.0,4.0,21.0,16.0,2.0,7.0,1.3547439769489233,15.988853044157151,29.0,4.446232816230382e-05,1.4010860115853443,2.2986531257629395
0.0,3278.0,4.0,21.0,16.0,2.0,8.0,1.4129183844880904,15.992470401490047,30.0,5.2167099661509084e-05,1.5467958359791116,2.3415684700012207
0.0,3278.0,4.0,21.0,16.0,2.0,9.0,1.5384004613895763,15.974080638029406,31.0,6.523319562683415e-05,1.7236437836496055,2.404451370239258
0.0,3278.0,4.0,21.0,16.0,2.0,10.0,1.7105166922542352,15.949177041470858,30.0,7.062915218671285e-05,1.632473418302716,2.5275349617004395
0.0,3278.0,4.0,21.0,16.0,2.0,11.0,1.6419847491666275,15.975220875924125,31.0,6.712742838570127e-05,1.7334183315157825,2.7304887771606445
0.0,3278.0,4.0,21.0,16.0,2.0,12.0,1.7294933256506233,15.958259923541261,31.0,5.8823668027156184e-05,1.6904647388683478,2.9465556144714355
0.0,3278.0,4.0,21.0,16.0,2.0,13.0,1.7093059615434587,15.969447483442737,31.0,5.261678165926051e-05,1.6596866424626093,3.217756748199463
0.0,3278.0,4.0,21.0,16.0,2.0,14.0,1.6697789304393045,15.974939006179621,31.0,6.273785504997198e-05,1.7101315928973284,3.508627414703369
0.0,3278.0,4.0,21.0,16.0,2.0,15.0,1.7238731509187037,15.975650331063754,31.0,6.185892570056038e-05,1.706279227458072,3.7354230880737305
0.0,3278.0,4.0,21.0,16.0,2.0,16.0,1.7083478939227605,15.973552817224487,31.0,7.189844596571589e-05,1.7571138408516014,3.9243698120117188
0.0,3278.0,4.0,21.0,16.0,2.0,17.0,1.7491436915765939,15.958133456133279,31.0,7.54872122864661e-05,1.7747546730817703,4.1487812995910645
0.0,3278.0,4.0,21.0,16.0,2.0,18.0,1.7510951318941415,15.95149822320217,30.0,5.2513236357126705e-05,1.5515046850468965,4.315972328186035
0.0,3278.0,4.0,21.0,16.0,2.0,19.0,1.5379381669779415,15.94481415217057,30.0,3.3374390140298976e-05,1.4593960809223272,4.555881023406982
0.0,3278.0,4.0,21.0,16.0,2.0,20.0,1.458451627031903,15.958323577581895,29.0,2.8127589466680888e-05,1.3336688659638667,4.691779613494873
0.0,3278.0,4.0,21.0,16.0,2.0,21.0,1.3383909529554026,15.958094653753628,29.0,0.0,1.2113784412745874,4.996359348297119
0.0,3278.0,4.0,21.0,16.0,2.0,22.0,1.2111317890505122,15.954744582167,29.0,0.0,1.211029194775626,5.269348621368408
0.0,3278.0,4.0,21.0,16.0,2.0,0.0,1.2071256818378806,16.0,29.0,0.0,1.2071256818378802,2.600550651550293
0.0,3278.0,4.0,21.0,16.0,2.0,1.0,1.2071256818378806,16.0,29.0,0.0,1.2071256818378802,2.6848912239074707
0.0,3278.0,4.0,21.0,16.0,2.0,2.0,1.2071256818378806,16.0,29.0,0.0,1.2071256818378802,2.988278865814209
0.0,3278.0,4.0,21.0,16.0,2.0,3.0,1.2071256818378806,16.0,29.0,0.0,1.2071256818378802,3.3023953437805176
0.0,3278.0,4.0,21.0,16.0,2.0,4.0,1.2071256818378806,16.0,29.0,3.4253323383379325e-05,1.3570831343363743,2.8401613235473633
0.0,3278.0,4.0,21.0,16.0,2.0,5.0,1.3577246097368338,15.99146628848178,29.0,3.304440462564551e-05,1.351331893529696,2.4512410163879395
0.0,3278.0,4.0,21.0,16.0,2.0,6.0,1.3469615657655623,15.990313636449343,29.0,4.5895060112962344e-05,1.407336823787032,2.296566963195801
0.0,3278.0,4.0,21.0,16.0,2.0,7.0,1.398934577192612,15.986364054766211,29.0,8.245346477095836e-05,1.5665894555565074,2.2795796394348145
0.0,3278.0,4.0,21.0,16.0,2.0,8.0,1.5628837019420045,15.978212782509356,30.0,9.300641453831513e-05,1.7345157523630417,2.3478269577026367
0.0,3278.0,4.0,21.0,16.0,2.0,9.0,1.7779401077041352,16.001496028906118,31.0,9.869356715571116e-05,1.8919751181431559,2.364814281463623
0.0,3278.0,4.0,21.0,16.0,2.0,10.0,1.8922859683078508,15.97204702091497,31.0,0.00010350624038311106,1.917464978474663,2.4694204330444336
0.0,3278.0,4.0,21.0,16.0,2.0,11.0,1.8996409988211491,15.941816529142853,31.0,0.00010074144600787942,1.8998377730338123,2.760589122772217
0.0,3278.0,4.0,21.0,16.0,2.0,12.0,1.9071327031432908,15.967166492209914,32.0,9.902512779155596e-05,2.0173199299095295,2.981424331665039
0.0,3278.0,4.0,21.0,16.0,2.0,13.0,2.030185752307034,15.971989598056972,31.0,9.634750222727895e-05,1.8804659461332687,3.222823143005371
0.0,3278.0,4.0,21.0,16.0,2.0,14.0,1.8964989662974854,15.993434931356125,32.0,8.69549913547221e-05,1.9552782663492587,3.459155559539795
0.0,3278.0,4.0,21.0,16.0,2.0,15.0,1.9779187507031484,15.97498011619648,31.0,7.237957602616812e-05,1.7668876297445197,3.7416815757751465
0.0,3278.0,4.0,21.0,16.0,2.0,16.0,1.7359753047294042,15.921474494767281,31.0,9.164958842343117e-05,1.8575899963589717,4.022419452667236
0.0,3278.0,4.0,21.0,16.0,2.0,17.0,1.8207347677739263,15.911242784516636,31.0,0.00010015118087742882,1.8953748556962258,4.237890243530273
0.0,3278.0,4.0,21.0,16.0,2.0,18.0,1.9169389598664832,15.971228059366334,30.0,6.131083010707154e-05,1.5991236116404601,4.259347915649414
0.0,3278.0,4.0,21.0,16.0,2.0,19.0,1.588783242737998,15.936927155358486,30.0,3.471145837675091e-05,1.4703279272714267,4.571080207824707
0.0,3278.0,4.0,21.0,16.0,2.0,20.0,1.470202249331416,15.928461529526347,29.0,2.6127383844466373e-05,1.3280002569987095,4.7713518142700195
0.0,3278.0,4.0,21.0,16.0,2.0,21.0,1.3245161663947813,15.926291083218983,29.0,2.908177133815114e-05,1.340144509037526,5.067288875579834
0.0,3278.0,4.0,21.0,16.0,2.0,22.0,1.3334935229746059,15.927634995477538,29.0,1.3560541522391445e-05,1.2717752612960096,5.319714546203613
0.0,3278.0,4.0,21.0,16.0,2.0,0.0,1.2071256818378806,16.0,29.0,0.0,1.2071256818378802,2.600550651550293
0.0,3278.0,4.0,21.0,16.0,2.0,1.0,1.2071256818378806,16.0,29.0,0.0,1.2071256818378802,2.6848912239074707
0.0,3278.0,4.0,21.0,16.0,2.0,2.0,1.2071256818378806,16.0,29.0,0.0,1.2071256818378802,2.988278865814209
0.0,3278.0,4.0,21.0,16.0,2.0,3.0,1.2071256818378806,16.0,29.0,0.0,1.2071256818378802,3.3023953437805176
0.0,3278.0,4.0,21.0,16.0,2.0,4.0,1.2071256818378806,16.0,29.0,0.0,1.2071256818378802,2.886652946472168
0.0,3278.0,4.0,21.0,16.0,2.0,5.0,1.2071256818378806,16.0,29.0,1.6477913297323505e-05,1.2788811880936806,2.466738224029541
0.0,3278.0,4.0,21.0,16.0,2.0,6.0,1.2824405934631569,16.00000195748444,29.0,3.326524225152082e-05,1.3524220519653183,2.288222312927246
0.0,3278.0,4.0,21.0,16.0,2.0,7.0,1.3450264505602194,15.99110024558395,29.0,8.403091286463868e-05,1.577185013214352,2.268850803375244
0.0,3278.0,4.0,21.0,16.0,2.0,8.0,1.5347859078727162,15.934539765626772,30.0,0.00016895391373220414,2.0954820346703946,2.351999282836914
0.0,3278.0,4.0,21.0,16.0,2.0,9.0,2.1272181927382987,15.91903456550932,30.0,0.000174356079084448,2.1340218421021855,2.402365207672119
0.0,3278.0,4.0,21.0,16.0,2.0,10.0,2.11122270526679,15.860255936219037,31.0,0.00019943970335755307,2.403291551955192,2.639889717102051
0.0,3278.0,4.0,21.0,16.0,2.0,11.0,2.3995594528704585,15.850445806039454,31.0,0.00023961641373184816,2.6020226244977853,2.868175506591797
0.0,3278.0,4.0,21.0,16.0,2.0,12.0,2.6629882225205916,15.902361079786502,31.0,0.00017596385598044953,2.3053686774113733,3.063380718231201
0.0,3278.0,4.0,21.0,16.0,2.0,13.0,2.3397046004185817,15.891087936551354,32.0,0.0001812860870261715,2.4754757829082323,3.324449062347412
0.0,3278.0,4.0,21.0,16.0,2.0,14.0,2.4813016446061544,15.828725686480727,32.0,0.00016733168330855275,2.394213912539136,3.7780404090881348
0.0,3278.0,4.0,21.0,16.0,2.0,15.0,2.432821757394472,15.938546114311917,31.0,0.00019727575390106035,2.4083398435969117,3.7169456481933594
0.0,3278.0,4.0,21.0,16.0,2.0,16.0,2.380642081408908,15.832711715363674,31.0,0.0002338047874764286,2.5823411839404438,4.1294097900390625
0.0,3278.0,4.0,21.0,16.0,2.0,17.0,2.5499450022037364,15.783691862084732,31.0,0.00025587062103584276,2.689874074792984,4.456937313079834
0.0,3278.0,4.0,21.0,16.0,2.0,18.0,2.6782574115145907,15.815356573951439,30.0,0.00016821192826918546,2.126654264041311,4.556179046630859
0.0,3278.0,4.0,21.0,16.0,2.0,19.0,2.1321378023388067,15.855714413172503,30.0,0.00010678813168981039,1.83321981744553,4.69207763671875
0.0,3278.0,4.0,21.0,16.0,2.0,20.0,1.8252904399446837,15.786851115984216,30.0,4.649204375125892e-05,1.5415004546203428,5.2100419998168945
0.0,3278.0,4.0,21.0,16.0,2.0,21.0,1.5321583872699867,15.789114879286268,29.0,2.2294012838378866e-05,1.3249618458600556,5.440115928649902
0.0,3278.0,4.0,21.0,16.0,2.0,22.0,1.325438199242142,15.793443640707348,29.0,1.4061764631040023e-05,1.287225924090147,5.724430084228516
0.0,3278.0,4.0,21.0,16.0,2.0,0.0,1.2281927204714267,16.0,29.0,5.491983465606431e-06,1.2309526149423136,2.6088953018188477
0.0,3278.0,4.0,21.0,16.0,2.0,1.0,1.230213769334118,15.999838295773463,29.0,7.134467699578807e-06,1.2380708480960565,2.6935338973999023
0.0,3278.0,4.0,21.0,16.0,2.0,2.0,1.23863794105074,16.000003733928992,29.0,1.7402243150556998e-05,1.28284357195494,3.001391887664795
0.0,3278.0,4.0,21.0,16.0,2.0,3.0,1.281557094043678,15.998656557704535,29.0,1.5636922397304557e-05,1.2748379052339103,3.2761693000793457
0.0,3278.0,4.0,21.0,16.0,2.0,4.0,1.2791570059045028,16.001251477637084,29.0,2.150074013152883e-05,1.3004106818660213,2.8511881828308105
0.0,3278.0,4.0,21.0,16.0,2.0,5.0,1.3054103907757053,16.00276279874889,29.0,2.16038582000151e-05,1.3016528844837436,2.4515390396118164
0.0,3278.0,4.0,21.0,16.0,2.0,6.0,1.2954303498783415,15.992875992817144,27.0,6.02035260331413e-05,1.2424063583452878,2.1323561668395996
0.0,3278.0,4.0,21.0,16.0,2.0,7.0,1.2454899219673154,15.995884433923623,28.0,0.00011994272585844725,1.6022620294220784,2.161860466003418
0.0,3278.0,4.0,21.0,16.0,2.0,8.0,1.5785441776608016,15.931747091140073,30.0,0.00017625289379601396,2.1410213432665817,2.353191375732422
0.0,3278.0,4.0,21.0,16.0,2.0,9.0,2.1048073076435703,15.807682765483252,30.0,0.00015460233367138967,2.0359590660898794,2.575218677520752
0.0,3278.0,4.0,21.0,16.0,2.0,10.0,2.0620013154480907,15.899608982835678,31.0,0.00014309489880257986,2.1309085420637364,2.575516700744629
0.0,3278.0,4.0,21.0,16.0,2.0,11.0,2.085101984933403,15.82194007379082,31.0,0.00012624815000928418,2.0385198265654254,2.948641777038574
0.0,3278.0,4.0,21.0,16.0,2.0,12.0,2.0194833195853654,15.874043070747701,29.0,0.00010708022566320974,1.6942356049058274,3.133118152618408
0.0,3278.0,4.0,21.0,16.0,2.0,13.0,1.6889440485369753,15.858568417664015,30.0,0.00012614360145543095,1.9071911018658605,3.4043192863464355
0.0,3278.0,4.0,21.0,16.0,2.0,14.0,1.9035599144625084,15.839536681971417,31.0,0.00019455871666486979,2.397295960264202,3.6725401878356934
0.0,3278.0,4.0,21.0,16.0,2.0,15.0,2.3138512222703183,15.698600065297917,31.0,0.0001557155684471068,2.1983710069824283,4.290640354156494
0.0,3278.0,4.0,21.0,16.0,2.0,16.0,2.170846268245624,15.799929600346026,31.0,0.00014378347482849304,2.138767267692911,4.270970821380615
0.0,3278.0,4.0,21.0,16.0,2.0,17.0,2.134700820400667,15.810202516167193,31.0,0.0001144553032101829,1.990894994471174,4.481077194213867
0.0,3278.0,4.0,21.0,16.0,2.0,18.0,1.9911163934136809,15.815348641047496,29.0,6.337286814969072e-05,1.5160464231183628,4.5618414878845215
0.0,3278.0,4.0,21.0,16.0,2.0,19.0,1.4805404327835152,15.751712602468972,29.0,5.930107198212267e-05,1.486704145246269,4.977583885192871
0.0,3278.0,4.0,21.0,16.0,2.0,20.0,1.48516071822394,15.783492365577533,29.0,5.6128655638912765e-05,1.4734736047868922,5.145668983459473
0.0,3278.0,4.0,21.0,16.0,2.0,21.0,1.4539564891568595,15.786458428294072,29.0,4.984911153972783e-05,1.4427352520271122,5.440413951873779
0.0,3278.0,4.0,21.0,16.0,2.0,22.0,1.4495387916596865,15.814323593582062,29.0,4.55940189824721e-05,1.4245991536454468,5.606412887573242
0.0,3278.0,4.0,21.0,16.0,2.0,0.0,1.2071256818378806,16.0,29.0,0.0,1.2071256818378802,2.600550651550293
0.0,3278.0,4.0,21.0,16.0,2.0,1.0,1.2071256818378806,16.0,29.0,1.3949028132289732e-05,1.267986310276183,2.6917457580566406
0.0,3278.0,4.0,21.0,16.0,2.0,2.0,1.2677734163758416,15.998205280736075,29.0,9.858703817180475e-06,1.2500195512448615,2.99990177154541
0.0,3278.0,4.0,21.0,16.0,2.0,3.0,1.2464395031032738,15.997622554250484,29.0,1.7837700863942222e-07,1.207908131381909,3.298819065093994
0.0,3278.0,4.0,21.0,16.0,2.0,4.0,1.2080345248534097,15.998319948809739,28.0,3.359586794517126e-05,1.2492716152181456,2.72214412689209
0.0,3278.0,4.0,21.0,16.0,2.0,5.0,1.2498584380474076,15.99465814549838,29.0,3.136931399978835e-05,1.3440806079640102,2.454519271850586
0.0,3278.0,4.0,21.0,16.0,2.0,6.0,1.3388252794124265,15.99019755917357,28.0,3.959443300239416e-05,1.2728964456479914,2.21937894821167
0.0,3278.0,4.0,21.0,16.0,2.0,7.0,1.278688247372443,15.99895345258656,29.0,0.00012959600234015002,1.780997476898988,2.225339412689209
0.0,3278.0,4.0,21.0,16.0,2.0,8.0,1.7924128378174073,15.920398675965252,29.0,0.00014155785325655566,1.834930964559559,2.3499131202697754
0.0,3278.0,4.0,21.0,16.0,2.0,9.0,1.8030734412643072,15.889475717426384,30.0,0.00014428846765465197,1.9808029558892692,2.4381279945373535
0.0,3278.0,4.0,21.0,16.0,2.0,10.0,2.0034135083076,15.934186545295825,30.0,0.00015297214918731,2.031047780042038,2.505779266357422
0.0,3278.0,4.0,21.0,16.0,2.0,11.0,1.9965352093103,15.876313674595872,30.0,0.00015972259722525035,2.0544876660640425,2.7951598167419434
0.0,3278.0,4.0,21.0,16.0,2.0,12.0,2.068799763571599,15.920319872113383,31.0,0.00014089230546129568,2.109743007050132,2.9915571212768555
0.0,3278.0,4.0,21.0,16.0,2.0,13.0,2.118993825905177,15.901153261120223,31.0,0.00011316232345517065,1.970751856443211,3.3539533615112305
0.0,3278.0,4.0,21.0,16.0,2.0,14.0,1.9613024339238272,15.92686224247631,31.0,0.0001930860530880854,2.3694036046523292,3.5068392753601074
0.0,3278.0,4.0,21.0,16.0,2.0,15.0,2.4188349857919644,15.894731681452056,31.0,0.0001538773803107027,2.1876943589443494,3.8546323776245117
0.0,3278.0,4.0,21.0,16.0,2.0,16.0,2.189363114834226,15.886235260191796,30.0,0.00014939736798445284,2.019374052221571,4.034638404846191
0.0,3278.0,4.0,21.0,16.0,2.0,17.0,2.0267665977229186,15.880415929743338,30.0,0.000139169452353077,1.9665320317801271,4.2501091957092285
0.0,3278.0,4.0,21.0,16.0,2.0,18.0,1.9865567041420293,15.89130195270578,30.0,8.528774673131083e-05,1.7179813316184502,4.435181617736816
0.0,3278.0,4.0,21.0,16.0,2.0,19.0,1.7029812432660945,15.875343127030805,30.0,8.390022339244418e-05,1.705847280366018,4.681944847106934
0.0,3278.0,4.0,21.0,16.0,2.0,20.0,1.710626499064181,15.882853905333276,29.0,5.616354990567579e-05,1.4683023121799512,4.844367504119873
0.0,3278.0,4.0,21.0,16.0,2.0,21.0,1.4484000822629408,15.856069735753259,29.0,6.362625755500019e-05,1.496421302856777,5.226433277130127
0.0,3278.0,4.0,21.0,16.0,2.0,22.0,1.4797034446656219,15.864884695926769,29.0,3.996792059530907e-05,1.391480530942566,5.45889139175415
0.0,3278.0,4.0,21.0,16.0,2.0,0.0,1.2071256818378806,16.0,29.0,0.0,1.2071256818378802,2.600550651550293
0.0,3278.0,4.0,21.0,16.0,2.0,1.0,1.2071256818378806,16.0,29.0,0.0,1.2071256818378802,2.6848912239074707
0.0,3278.0,4.0,21.0,16.0,2.0,2.0,1.2071256818378806,16.0,29.0,0.0,1.2071256818378802,2.988278865814209
0.0,3278.0,4.0,21.0,16.0,2.0,3.0,1.2071256818378806,16.0,29.0,0.0,1.2071256818378802,3.3023953437805176
0.0,3278.0,4.0,21.0,16.0,2.0,4.0,1.2071256818378806,16.0,29.0,1.5328287163364245e-06,1.2137772441787273,2.8845667839050293
0.0,3278.0,4.0,21.0,16.0,2.0,5.0,1.2143436610995977,16.000244572318305,29.0,2.0326641843818184e-05,1.2958074864102866,2.461373805999756
0.0,3278.0,4.0,21.0,16.0,2.0,6.0,1.293902047486909,15.997639715111607,29.0,5.191190809520925e-05,1.4330415242013006,2.2798776626586914
0.0,3278.0,4.0,21.0,16.0,2.0,7.0,1.44667779709328,15.997313389913144,29.0,0.00010171749962861265,1.6500564197110643,2.2548437118530273
0.0,3278.0,4.0,21.0,16.0,2.0,8.0,1.6760069858989122,15.991501988313399,30.0,0.00017886323203633955,2.1478514656533196,2.281665802001953
0.0,3278.0,4.0,21.0,16.0,2.0,9.0,2.141992343995812,15.867921956270424,30.0,0.00019211888972871705,2.2074218927339375,2.467036247253418
0.0,3278.0,4.0,21.0,16.0,2.0,10.0,2.219659986185293,15.915988415995729,30.0,0.0002147851652023125,2.3141164183828744,2.5025010108947754
0.0,3278.0,4.0,21.0,16.0,2.0,11.0,2.3364921454286884,15.946440244186908,30.0,0.00026786305226172367,2.5647467892167173,2.645552158355713
0.0,3278.0,4.0,21.0,16.0,2.0,12.0,2.598398599160301,15.897723738980892,31.0,0.00022734494353078834,2.5597027035445743,3.0353665351867676
0.0,3278.0,4.0,21.0,16.0,2.0,13.0,2.4852946614947498,15.77771502366578,31.0,0.0002015029714706521,2.410928651630098,3.5843253135681152
0.0,3278.0,4.0,21.0,16.0,2.0,14.0,2.4569492328544906,15.925308011339286,31.0,0.0001884050428778754,2.3557774096287085,3.553926944732666
0.0,3278.0,4.0,21.0,16.0,2.0,15.0,2.3636474304422785,15.899097700665267,31.0,0.00021758263213518745,2.49293285212906,3.777742385864258
0.0,3278.0,4.0,21.0,16.0,2.0,16.0,2.5283558573225635,15.907098831994066,31.0,0.00028010651681780466,2.80821377717898,3.93599271774292
0.0,3278.0,4.0,21.0,16.0,2.0,17.0,2.818166986770004,15.84804219616917,31.0,0.0002720138148014946,2.776940623738057,4.287958145141602
0.0,3278.0,4.0,21.0,16.0,2.0,18.0,2.781925178209703,15.863993764448997,30.0,0.0001669051740068787,2.128644471183545,4.432499408721924
0.0,3278.0,4.0,21.0,16.0,2.0,19.0,2.134285594304364,15.8456293363587,30.0,0.00010977463064876274,1.8484794655633698,4.71651554107666
0.0,3278.0,4.0,21.0,16.0,2.0,20.0,1.8151003315933074,15.779421787735364,30.0,5.579771968070607e-05,1.5839009766991097,5.224049091339111
0.0,3278.0,4.0,21.0,16.0,2.0,21.0,1.589847860720881,15.801065019558546,30.0,4.678494467709829e-05,1.5399134817746456,5.437135696411133
0.0,3278.0,4.0,21.0,16.0,2.0,22.0,1.536997159694557,15.803569316903687,30.0,3.4862438123655295e-05,1.480668342452621,5.7759881019592285
0.0,3278.0,4.0,21.0,16.0,2.0,0.0,1.2999815035177174,16.0,30.0,0.0,1.29998150351772,2.734661102294922
0.0,3278.0,4.0,21.0,16.0,2.0,1.0,1.2999815035177202,15.999999999999998,29.0,0.0,1.207170591221656,2.7036666870117188
0.0,3278.0,4.0,21.0,16.0,2.0,2.0,1.2072934351406426,15.99790351583914,29.0,0.0,1.2073067516652378,2.9912590980529785
0.0,3278.0,4.0,21.0,16.0,2.0,3.0,1.207303567787367,15.997999399518722,29.0,2.0138948564637407e-06,1.2160819752843612,3.3038854598999023
0.0,3278.0,4.0,21.0,16.0,2.0,4.0,1.2160732579955056,15.997913363699652,29.0,1.796034634046518e-05,1.28566520934528,2.8648972511291504
0.0,3278.0,4.0,21.0,16.0,2.0,5.0,1.285741288613407,15.996152513304745,29.0,1.5373691954695856e-05,1.2740034726025578,2.4691224098205566
0.0,3278.0,4.0,21.0,16.0,2.0,6.0,1.274678932696147,15.997775863887673,29.0,3.4168586696573054e-05,1.3558326219834114,2.2903084754943848
0.0,3278.0,4.0,21.0,16.0,2.0,7.0,1.3604575391800109,16.000096223835833,29.0,0.0001443632587290403,1.8479167688251694,2.218186855316162
0.0,3278.0,4.0,21.0,16.0,2.0,8.0,1.7972827318054392,15.875279743311975,23.0,0.0001508082648878802,1.0507356505549523,2.2354722023010254
0.0,3278.0,4.0,21.0,16.0,2.0,9.0,1.0380220174419952,15.749061060785126,26.0,0.00017426651646290983,1.5624545420142157,2.5478005409240723
0.0,3278.0,4.0,21.0,16.0,2.0,10.0,1.5559889570175842,15.659865936384804,27.0,0.00013479251307291454,1.5584573756505837,2.9352307319641113
0.0,3278.0,4.0,21.0,16.0,2.0,11.0,1.5705970296490899,15.684484117596794,28.0,0.000139125536358013,1.7131115622851838,3.1298398971557617
0.0,3278.0,4.0,21.0,16.0,2.0,12.0,1.706347585104652,15.68801335213315,27.0,0.00011105053175296875,1.4699074227731554,3.4797191619873047
0.0,3278.0,4.0,21.0,16.0,2.0,13.0,1.4824866577286093,15.704407227834793,27.0,0.00011846735157468061,1.4942544269364741,3.662705421447754
0.0,3278.0,4.0,21.0,16.0,2.0,14.0,1.5200014071915267,15.721995128031294,26.0,0.00019309645376494337,1.6170032531075635,3.7971138954162598
0.0,3278.0,4.0,21.0,16.0,2.0,15.0,1.6355757467331071,15.720015835359517,27.0,0.00016012222832071247,1.6507857399062,4.045367240905762
0.0,3278.0,4.0,21.0,16.0,2.0,16.0,1.625219250028709,15.702516737783744,26.0,0.00014232967959512717,1.4432042453579217,4.231631755828857
0.0,3278.0,4.0,21.0,16.0,2.0,17.0,1.4032810351053358,15.710232242492612,26.0,0.00011406984535942612,1.342822668040073,4.3776631355285645
0.0,3278.0,4.0,21.0,16.0,2.0,18.0,1.3492421792240572,15.7307601770047,27.0,6.415608266629822e-05,1.2847040964303365,4.636645317077637
0.0,3278.0,4.0,21.0,16.0,2.0,19.0,1.292895802894838,15.752483981376352,27.0,5.398847089428755e-05,1.2461621797361757,4.881620407104492
0.0,3278.0,4.0,21.0,16.0,2.0,20.0,1.2569901384614075,15.761841425836412,27.0,7.208518326087586e-05,1.3131680312329748,5.094408988952637
0.0,3278.0,4.0,21.0,16.0,2.0,21.0,1.3118854353958784,15.768613013319705,26.0,6.394603588378391e-05,1.1683161613334343,5.014240741729736
0.0,3278.0,4.0,21.0,16.0,2.0,22.0,1.1718707479592307,15.771900000926605,27.0,3.691704281241134e-05,1.1798665458105417,5.359947681427002
0.0,3278.0,4.0,21.0,16.0,2.0,0.0,1.0214140384782067,16.0,27.0,0.0,1.0214140384782067,2.3168325424194336
0.0,3278.0,4.0,21.0,16.0,2.0,1.0,1.0214140384782067,16.0,27.0,0.0,1.0214140384782067,2.4437904357910156
0.0,3278.0,4.0,21.0,16.0,2.0,2.0,1.0214140384782067,16.0,27.0,0.0,1.0214140384782067,3.0118227005004883
0.0,3278.0,4.0,21.0,16.0,2.0,3.0,1.0214140384782067,16.0,25.0,0.0,0.8370368252000818,2.8389692306518555
0.0,3278.0,4.0,21.0,16.0,2.0,4.0,0.8367648683442754,15.98743300266795,25.0,4.077622568065726e-05,0.9609039931137728,2.5218725204467773
0.0,3278.0,4.0,21.0,16.0,2.0,5.0,0.9633720189466314,15.980612856550866,27.0,4.894403035404689e-05,1.2070649207828699,2.2679567337036133
0.0,3278.0,4.0,21.0,16.0,2.0,6.0,1.2057139776707562,15.957808426165244,28.0,6.522320062612149e-05,1.3820992518332709,2.2402405738830566
0.0,3278.0,4.0,21.0,16.0,2.0,7.0,1.3657320950017602,15.938290806115141,28.0,8.928347581303523e-05,1.4783385635347979,2.2602081298828125
0.0,3278.0,4.0,21.0,16.0,2.0,8.0,1.4655369104662153,15.92912742135457,29.0,9.991059336817565e-05,1.6479847975707114,2.345144748687744
0.0,3278.0,4.0,21.0,16.0,2.0,9.0,1.6304336725037947,15.908653714750065,29.0,9.871565545310089e-05,1.6415263386724044,2.385377883911133
0.0,3278.0,4.0,21.0,16.0,2.0,10.0,1.6454783760766267,15.928123609559586,29.0,0.00011648425875401187,1.7142439892620307,2.5397539138793945
0.0,3278.0,4.0,21.0,16.0,2.0,11.0,1.7807635738486751,15.987309462384063,30.0,0.00011380869661375994,1.8432455614772203,2.639293670654297
0.0,3278.0,4.0,21.0,16.0,2.0,12.0,1.8240614411044067,15.920924081513542,30.0,0.00010868736998908032,1.813929251673162,3.008246421813965
0.0,3278.0,4.0,21.0,16.0,2.0,13.0,1.809753539464831,15.943443707478517,30.0,0.00010930953050351261,1.8173106011317415,3.269016742706299
0.0,3278.0,4.0,21.0,16.0,2.0,14.0,1.802063873698552,15.948898325834561,27.0,9.849900244405675e-05,1.404657686689299,3.445148468017578
0.0,3278.0,4.0,21.0,16.0,2.0,15.0,1.4021224379705934,15.884017421722424,26.0,9.027813136251264e-05,1.2427233983238763,3.679990768432617
0.0,3278.0,4.0,21.0,16.0,2.0,16.0,1.262598627341007,15.902384614292728,27.0,0.00011321546588099729,1.4496379619442108,3.840029239654541
0.0,3278.0,4.0,21.0,16.0,2.0,17.0,1.485123034897978,15.906859013596922,28.0,0.00011632477759347239,1.5934867829686472,4.069507122039795
0.0,3278.0,4.0,21.0,16.0,2.0,18.0,1.6142774526686938,15.907766160558838,28.0,6.339957264577828e-05,1.3854547204195589,4.2685866355896
0.0,3278.0,4.0,21.0,16.0,2.0,19.0,1.3777351910785693,15.88196877742135,28.0,5.249894986393701e-05,1.336343965485191,4.554688930511475
0.0,3278.0,4.0,21.0,16.0,2.0,20.0,1.3435409978679134,15.891387821245262,28.0,4.134754222244341e-05,1.2907800127306988,4.830062389373779
0.0,3278.0,4.0,21.0,16.0,2.0,21.0,1.293221276032463,15.897062097674482,28.0,3.0434453956374844e-05,1.2456953986669101,5.0768256187438965
0.0,3278.0,4.0,21.0,16.0,2.0,22.0,1.248450395015832,15.905914992925133,28.0,1.3985438293570056e-05,1.1790490552207666,5.18113374710083
0.0,3278.0,4.0,21.0,16.0,2.0,0.0,1.1142698601580436,16.0,28.0,0.0,1.1142698601580472,2.467036247253418
0.0,3278.0,4.0,21.0,16.0,2.0,1.0,1.1142698601580465,15.999999999999996,29.0,0.0,1.2079790430587158,2.664625644683838
0.0,3278.0,4.0,21.0,16.0,2.0,2.0,1.2074200843509968,15.996007904944625,29.0,0.0,1.2074467421560906,2.994239330291748
0.0,3278.0,4.0,21.0,16.0,2.0,3.0,1.207445930307403,15.996340819745605,29.0,0.0,1.2074366650695425,3.3083558082580566
0.0,3278.0,4.0,21.0,16.0,2.0,4.0,1.2074279076602055,15.996546220094624,29.0,1.103844732688435e-05,1.2555984644950533,2.8771162033081055
0.0,3278.0,4.0,21.0,16.0,2.0,5.0,1.2546977377863309,15.994525457019465,29.0,2.766606713431024e-05,1.3277416085353515,2.4586915969848633
0.0,3278.0,4.0,21.0,16.0,2.0,6.0,1.32543592670783,15.9940685579816,27.0,4.931330902168216e-05,1.2043368725969346,2.137422561645508
0.0,3278.0,4.0,21.0,16.0,2.0,7.0,1.2011444159421758,15.985424764399149,25.0,6.779739108997773e-05,1.041231294241706,1.9928812980651855
0.0,3278.0,4.0,21.0,16.0,2.0,8.0,1.0439836965445628,15.988435100309289,26.0,6.3398345140548e-05,1.1425991551147774,2.079308032989502
0.0,3278.0,4.0,21.0,16.0,2.0,9.0,1.1563656188226652,15.989254619116702,25.0,8.804948138229015e-05,1.104947112564579,2.262294292449951
0.0,3278.0,4.0,21.0,16.0,2.0,10.0,1.077412908673239,15.96151383916028,27.0,7.364974502577057e-05,1.2959263730629054,2.4953484535217285
0.0,3278.0,4.0,21.0,16.0,2.0,11.0,1.3003857675249706,15.957660652291267,27.0,8.444663308652192e-05,1.3349115765315598,2.7126073837280273
0.0,3278.0,4.0,21.0,16.0,2.0,12.0,1.3383123716096736,15.96957479892987,26.0,5.805613153255377e-05,1.1289960300125668,2.944469451904297
0.0,3278.0,4.0,21.0,16.0,2.0,13.0,1.1287224287164757,15.954856152889182,26.0,6.283193190758538e-05,1.1437879569400347,3.159642219543457
0.0,3278.0,4.0,21.0,16.0,2.0,14.0,1.139314751262012,15.949794684333408,27.0,8.480523030489772e-05,1.3397531480768727,3.388822078704834
0.0,3278.0,4.0,21.0,16.0,2.0,15.0,1.3439220151273787,15.938341037921893,27.0,8.350914675519673e-05,1.3350187116173453,3.62396240234375
0.0,3278.0,4.0,21.0,16.0,2.0,16.0,1.3213887151784316,15.935436232313366,28.0,8.939271103093122e-05,1.4798922803173935,3.8442015647888184
0.0,3278.0,4.0,21.0,16.0,2.0,17.0,1.461297276605847,15.921484284757113,28.0,8.383928454783817e-05,1.4542867698595487,4.0528178215026855
0.0,3278.0,4.0,21.0,16.0,2.0,18.0,1.4794863514078735,15.962575416159947,28.0,7.201176736450618e-05,1.4104802687467923,4.139244556427002
0.0,3278.0,4.0,21.0,16.0,2.0,19.0,1.4155266593909843,15.951064266233168,28.0,5.158075057494193e-05,1.3280798609714912,4.379451274871826
0.0,3278.0,4.0,21.0,16.0,2.0,20.0,1.3176678879852748,15.939332099443954,28.0,3.0357045443568184e-05,1.2409338130974552,4.713535308837891
0.0,3278.0,4.0,21.0,16.0,2.0,21.0,1.2463367376809416,15.947310204532208,28.0,4.972588860063156e-05,1.3183178053456186,4.921257495880127
0.0,3278.0,4.0,21.0,16.0,2.0,22.0,1.3378191602947498,15.957313462394925,28.0,1.972304307587508e-06,1.1293294633357576,5.0383806228637695
0.0,3278.0,4.0,21.0,16.0,2.0,0.0,1.1142698601580436,16.0,28.0,0.0,1.1142698601580472,2.467036247253418
0.0,3278.0,4.0,21.0,16.0,2.0,1.0,1.1142698601580465,15.999999999999996,28.0,0.0,1.1142698601580467,2.575814723968506
0.0,3278.0,4.0,21.0,16.0,2.0,2.0,1.1142698601580465,15.999999999999996,26.0,0.0,0.9297259379719219,2.8753280639648438
0.0,3278.0,4.0,21.0,16.0,2.0,3.0,0.9295211817870326,15.988550206612722,27.0,0.0,1.023448196312738,3.07619571685791
0.0,3278.0,4.0,21.0,16.0,2.0,4.0,1.0227163440506712,15.985300192093952,27.0,0.0,1.0226788358264587,2.6732683181762695
0.0,3278.0,4.0,21.0,16.0,2.0,5.0,1.0226493019007914,15.986012987385264,26.0,1.7046927238682255e-05,0.9867407238885414,2.1970272064208984
0.0,3278.0,4.0,21.0,16.0,2.0,6.0,0.9854278092454122,15.984680762862595,27.0,3.271443695161403e-05,1.1447945693304107,2.142190933227539
0.0,3278.0,4.0,21.0,16.0,2.0,7.0,1.141955629955446,15.975103271603183,28.0,8.616378711875428e-05,1.4682201670569905,2.2023916244506836
0.0,3278.0,4.0,21.0,16.0,2.0,8.0,1.4596262291618576,15.931731585644538,29.0,0.0001652196513632229,1.9453918916818327,2.2983551025390625
0.0,3278.0,4.0,21.0,16.0,2.0,9.0,1.872698277935399,15.792780776214173,29.0,0.00017429090737036427,1.9716826250637713,2.5457143783569336
0.0,3278.0,4.0,21.0,16.0,2.0,10.0,2.0310951728978934,15.927101117172489,30.0,0.000192849896545297,2.223782179035782,2.503693103790283
0.0,3278.0,4.0,21.0,16.0,2.0,11.0,2.222435958033717,15.83117621286298,30.0,0.00024216056926346406,2.4425786016060815,2.835690975189209
0.0,3278.0,4.0,21.0,16.0,2.0,12.0,2.5024712977148127,15.917536607105157,31.0,0.0001735603763352101,2.3005619900526453,3.02046537399292
0.0,3278.0,4.0,21.0,16.0,2.0,13.0,2.236424669222041,15.766633387051726,31.0,0.00018034073915302343,2.3092240466029477,3.5893917083740234
0.0,3278.0,4.0,21.0,16.0,2.0,14.0,2.3074635530878935,15.852925118182572,31.0,0.00016696422245615064,2.2463116510848904,3.7100911140441895
0.0,3278.0,4.0,21.0,16.0,2.0,15.0,2.2702802061261957,15.885968019142652,29.0,0.0002018859766029639,2.1068120650786146,3.7807226181030273
0.0,3278.0,4.0,21.0,16.0,2.0,16.0,2.101015653059315,15.889301041970786,29.0,0.00023490665852691215,2.2475732650430675,3.9133429527282715
0.0,3278.0,4.0,21.0,16.0,2.0,17.0,2.193032716471066,15.824899287289607,29.0,0.00024667208371155415,2.2953195404867612,4.271566867828369
0.0,3278.0,4.0,21.0,16.0,2.0,18.0,2.2691717065011763,15.820973378016799,29.0,0.00016576124961513198,1.9536577687421826,4.486143589019775
0.0,3278.0,4.0,21.0,16.0,2.0,19.0,1.952520030488019,15.838893271716197,28.0,0.00010448120220462445,1.5614027813314324,4.600882530212402
0.0,3278.0,4.0,21.0,16.0,2.0,20.0,1.5576007547675137,15.822195013147379,28.0,4.712870794775513e-05,1.3245940779643617,4.984736442565918
0.0,3278.0,4.0,21.0,16.0,2.0,21.0,1.3190628920238998,15.814546280510676,28.0,2.2410266428097897e-05,1.2216203010632956,5.325078964233398
0.0,3278.0,4.0,21.0,16.0,2.0,22.0,1.2114423075531253,15.818088681898733,28.0,1.376485123567372e-05,1.1846801047007174,5.447566509246826
0.0,3278.0,4.0,21.0,16.0,2.0,0.0,1.1384087113866102,16.0,28.0,5.553684892499704e-06,1.1365090104845315,2.4759769439697266
0.0,3278.0,4.0,21.0,16.0,2.0,1.0,1.1367824916838927,15.999719082859022,28.0,7.213569073952907e-06,1.1431516248115159,2.588331699371338
0.0,3278.0,4.0,21.0,16.0,2.0,2.0,1.1432654820323274,15.999796223323678,28.0,1.7272727241017657e-05,1.1834816378795066,3.0303001403808594
0.0,3278.0,4.0,21.0,16.0,2.0,3.0,1.1848688496945405,16.000796281712915,28.0,1.6036638606381738e-05,1.1785225457238993,3.1825900077819824
0.0,3278.0,4.0,21.0,16.0,2.0,4.0,1.1833916772586754,16.00105303087647,28.0,2.0846086971327082e-05,1.1976640806153698,2.734661102294922
0.0,3278.0,4.0,21.0,16.0,2.0,5.0,1.2030456241494596,16.003583764410745,28.0,2.1605123281203653e-05,1.2014687794386527,2.3499131202697754
0.0,3278.0,4.0,21.0,16.0,2.0,6.0,1.1968349125724211,15.995300581750882,28.0,6.189563484576227e-05,1.363145362367927,2.192854881286621
0.0,3278.0,4.0,21.0,16.0,2.0,7.0,1.3744332381394164,15.992294153103735,28.0,0.00012653331927631666,1.6224832067731598,2.1696090698242188
0.0,3278.0,4.0,21.0,16.0,2.0,8.0,1.6531180335813818,15.999515034324443,29.0,0.00017539012040861758,1.9779624498254256,2.213418483734131
0.0,3278.0,4.0,21.0,16.0,2.0,9.0,1.9870233297493762,15.916961736117178,29.0,0.00015140071034622772,1.878620795736019,2.3812055587768555
0.0,3278.0,4.0,21.0,16.0,2.0,10.0,1.8518856152013816,15.896922782020125,29.0,0.0001422273071992225,1.8313669113675282,2.560913562774658
0.0,3278.0,4.0,21.0,16.0,2.0,11.0,1.8527854209752646,15.943409310759701,30.0,0.0001276718359534036,1.910031620681942,2.701878547668457
0.0,3278.0,4.0,21.0,16.0,2.0,12.0,1.863695688820211,15.8788098459555,30.0,0.00010388262901567079,1.7926519255314217,3.0878186225891113
0.0,3278.0,4.0,21.0,16.0,2.0,13.0,1.7835183762987301,15.919855797811598,29.0,0.00012804415506789294,1.771418346189933,3.300905227661133
0.0,3278.0,4.0,21.0,16.0,2.0,14.0,1.7789686855756923,15.924356681272132,26.0,0.0001927879443463707,1.585635618070994,3.407895565032959
0.0,3278.0,4.0,21.0,16.0,2.0,15.0,1.5961287245866946,15.943026205462875,28.0,0.0001611718202176738,1.771059860767804,3.604590892791748
0.0,3278.0,4.0,21.0,16.0,2.0,16.0,1.7743390458898771,15.919076913318849,28.0,0.00013961918788674897,1.6851055184190336,3.8632750511169434
0.0,3278.0,4.0,21.0,16.0,2.0,17.0,1.6955033327820748,15.937380603788936,28.0,0.00011562772780270613,1.5917329636273312,4.005730152130127
0.0,3278.0,4.0,21.0,16.0,2.0,18.0,1.5793047829849416,15.901469790844343,28.0,6.357312753074139e-05,1.379634801474052,4.284977912902832
0.0,3278.0,4.0,21.0,16.0,2.0,19.0,1.3733466111746435,15.90893757986705,28.0,5.7057204340869826e-05,1.3519865656142604,4.483461380004883
0.0,3278.0,4.0,21.0,16.0,2.0,20.0,1.3498676631786934,15.913948546831904,28.0,5.4212618989989773e-05,1.339485147038151,4.762113094329834
0.0,3278.0,4.0,21.0,16.0,2.0,21.0,1.3435700637241115,15.925776763421236,28.0,4.929600604956983e-05,1.319422361791646,4.970431327819824
0.0,3278.0,4.0,21.0,16.0,2.0,22.0,1.33646644079299,15.934564951456297,28.0,4.724994288598628e-05,1.3112693725503044,5.053281784057617
