1.0,14015.0,6.0,8.0,16.0,2.0,0.0,2.0100925678773103,16.0,27.0,0.0,2.010092567877317,349.0731201171875
1.0,14015.0,6.0,8.0,16.0,2.0,1.0,2.010092567877316,15.999999999999998,28.0,0.0,2.195115431621333,440.7501220703125
1.0,14015.0,6.0,8.0,16.0,2.0,2.0,2.1932213069882627,15.996239261655601,28.0,0.0,2.1933768690845383,519.486083984375
1.0,14015.0,6.0,8.0,16.0,2.0,3.0,2.1933806515766583,15.996652187623118,27.0,1.74873055416686e-05,2.166802968138604,540.88623046875
1.0,14015.0,6.0,8.0,16.0,2.0,4.0,2.1793117358863485,15.999704920141188,28.0,1.7930419409909688e-05,2.372085753924913,569.6031494140625
1.0,14015.0,6.0,8.0,16.0,2.0,5.0,2.3546587259245864,15.989164172585589,27.0,5.00552791830839e-05,2.45836219505978,589.5498657226562
1.0,14015.0,6.0,8.0,16.0,2.0,6.0,2.4767169215953078,16.001786891722276,26.0,9.007557386575436e-05,2.562905342195687,603.64990234375
1.0,14015.0,6.0,8.0,16.0,2.0,7.0,2.604245551997899,16.005758456531286,26.0,0.0001305646343700648,2.9047548406106225,625.96826171875
1.0,14015.0,6.0,8.0,16.0,2.0,8.0,2.849555838489936,15.95134914774634,26.0,0.0001897132939034906,3.3819878357656608,648.490478515625
1.0,14015.0,6.0,8.0,16.0,2.0,9.0,3.352979952196046,15.94210709423058,26.0,0.00015812780155399444,3.132987177507106,661.1165161132812
1.0,14015.0,6.0,8.0,16.0,2.0,10.0,3.0836747035343186,15.946752597512363,28.0,0.00015231656277782694,3.7032533152535274,672.4816284179688
1.0,14015.0,6.0,8.0,16.0,2.0,11.0,3.6473344270327335,15.905897789031098,29.0,0.0001502085076414639,3.9853693955546667,690.7590942382812
1.0,14015.0,6.0,8.0,16.0,2.0,12.0,3.9758073748651226,15.899390321371763,28.0,0.00018508623838575381,4.02100018271715,731.1055297851562
1.0,14015.0,6.0,8.0,16.0,2.0,13.0,4.0478475760006845,15.924789004439276,28.0,0.00016461646431459656,3.828525816293875,712.2904052734375
1.0,14015.0,6.0,8.0,16.0,2.0,14.0,3.7839361988357125,15.927228863744714,29.0,0.00019401032237251106,4.444870312674286,676.619384765625
1.0,14015.0,6.0,8.0,16.0,2.0,15.0,4.54740190753619,15.91283581705196,29.0,0.00021791874226620818,4.709563232218865,681.639892578125
1.0,14015.0,6.0,8.0,16.0,2.0,16.0,4.720343353760999,15.921758576488308,27.0,0.00019524248711177267,3.8324520400618627,652.6470336914062
1.0,14015.0,6.0,8.0,16.0,2.0,17.0,3.7731018768978926,15.867814381778029,26.0,0.0001847321485826453,3.374647072038184,591.3123779296875
1.0,14015.0,6.0,8.0,16.0,2.0,18.0,3.3557118443988165,15.891979298036276,24.0,0.0002974031363784139,3.4480224673587023,527.92041015625
1.0,14015.0,6.0,8.0,16.0,2.0,19.0,3.4302809845297557,15.866437952568479,25.0,0.00016300512008515626,2.8836871456963764,539.3770141601562
1.0,14015.0,6.0,8.0,16.0,2.0,20.0,2.879143487866778,15.876285548115035,26.0,0.0001686706244154665,3.234809745863844,532.7659912109375
1.0,14015.0,6.0,8.0,16.0,2.0,21.0,3.2653964920974126,15.885564152967039,25.0,9.122932722921015e-05,2.3696481104546563,524.2517700195312
1.0,14015.0,6.0,8.0,16.0,2.0,22.0,2.3585432088418234,15.836338965908485,25.0,7.740917352150945e-05,2.2499989616175684,503.74627685546875
1.0,14015.0,6.0,8.0,16.0,2.0,0.0,1.4618855039107712,16.0,24.0,0.0,1.4618855039107714,219.3626708984375
1.0,14015.0,6.0,8.0,16.0,2.0,1.0,1.4618855039107712,16.0,25.0,1.7617251870187573e-05,1.779527934974566,360.122314453125
1.0,14015.0,6.0,8.0,16.0,2.0,2.0,1.7801744640689139,15.988704365493495,26.0,3.023742861587456e-05,2.0806379201263727,450.39117431640625
1.0,14015.0,6.0,8.0,16.0,2.0,3.0,2.082058010860962,15.978177192040869,25.0,2.5924947474497427e-05,1.8402905195488966,488.5458984375
1.0,14015.0,6.0,8.0,16.0,2.0,4.0,1.8436784019476238,15.975745869589044,25.0,2.620334580027207e-05,1.840878448200613,550.0733642578125
1.0,14015.0,6.0,8.0,16.0,2.0,5.0,1.8374515788848256,15.978649303795297,25.0,6.322472108581406e-05,2.118627370475043,573.9387817382812
1.0,14015.0,6.0,8.0,16.0,2.0,6.0,2.0963134071547795,15.95744883007062,25.0,8.60059519446849e-05,2.276880860982407,601.5670166015625
1.0,14015.0,6.0,8.0,16.0,2.0,7.0,2.3271564210819005,15.98545707457477,27.0,0.00013143860184967207,3.222529292105236,637.2007446289062
1.0,14015.0,6.0,8.0,16.0,2.0,8.0,3.2364115105579705,15.893362240825315,28.0,0.0001584748960808933,3.776544431199386,672.606201171875
1.0,14015.0,6.0,8.0,16.0,2.0,9.0,3.7776632007720505,15.85786996774502,28.0,0.00014767937760082797,3.6719794240761527,682.4821166992188
1.0,14015.0,6.0,8.0,16.0,2.0,10.0,3.652074759588868,15.873153234442674,28.0,0.00013552598677346798,3.5377372579317066,685.3896484375
1.0,14015.0,6.0,8.0,16.0,2.0,11.0,3.5546447320931196,15.924459437188313,29.0,0.0001417894657360971,3.9124339768545258,685.9645385742188
1.0,14015.0,6.0,8.0,16.0,2.0,12.0,3.8447462778964083,15.825931974819577,30.0,0.00018302026212052078,4.649821301957795,716.7697143554688
1.0,14015.0,6.0,8.0,16.0,2.0,13.0,4.728482974519182,15.865557560016235,29.0,0.00018314178765625402,4.360602954762215,747.3853149414062
1.0,14015.0,6.0,8.0,16.0,2.0,14.0,4.3367003915209,15.912513315457153,30.0,0.00020035777413529362,4.851710361890426,707.9288330078125
1.0,14015.0,6.0,8.0,16.0,2.0,15.0,4.945186097741948,15.95710558378938,29.0,0.00020295398274834518,4.59054554737231,694.2009887695312
1.0,14015.0,6.0,8.0,16.0,2.0,16.0,4.46331311402696,15.891785826044504,29.0,0.00018172053144587007,4.325390218911277,667.6641235351562
1.0,14015.0,6.0,8.0,16.0,2.0,17.0,4.258109812696765,15.916226359636324,29.0,0.00019427855511692263,4.451950892831737,633.978515625
1.0,14015.0,6.0,8.0,16.0,2.0,18.0,4.396022776679377,15.879177381684444,29.0,0.0002827901376287001,5.3649338369651325,623.2503051757812
1.0,14015.0,6.0,8.0,16.0,2.0,19.0,5.471748185165617,15.838289764105788,29.0,0.0001575361595326104,4.154546677381116,602.57763671875
1.0,14015.0,6.0,8.0,16.0,2.0,20.0,4.1007392574193124,15.856987441120314,28.0,0.00017416288474148532,3.9544741468569162,548.9942626953125
1.0,14015.0,6.0,8.0,16.0,2.0,21.0,3.882297519950301,15.838049891559644,28.0,9.170127333505031e-05,3.129101711833106,520.728515625
1.0,14015.0,6.0,8.0,16.0,2.0,22.0,3.16232742652226,15.902143458453422,28.0,6.22482665180863e-05,2.833952419797341,510.3644714355469
1.0,14015.0,6.0,8.0,16.0,2.0,0.0,2.0265906818689614,16.0,27.0,1.627317077692127e-06,2.024648841246574,349.2745666503906
1.0,14015.0,6.0,8.0,16.0,2.0,1.0,2.025117566393024,16.000092878436785,27.0,0.0,2.0100077873917765,407.2934265136719
1.0,14015.0,6.0,8.0,16.0,2.0,2.0,2.0100922954822553,16.00005338133638,28.0,7.40941012273838e-06,2.2689357844355897,520.350341796875
1.0,14015.0,6.0,8.0,16.0,2.0,3.0,2.267370689391757,15.99320819917712,28.0,2.4081133539603338e-05,2.4311164032955515,550.6143188476562
1.0,14015.0,6.0,8.0,16.0,2.0,4.0,2.429770381625207,15.989873956177535,28.0,1.9448039218483727e-05,2.384621338506565,571.8427734375
1.0,14015.0,6.0,8.0,16.0,2.0,5.0,2.3730684202483623,15.989327017133702,27.0,5.621327725699394e-05,2.5154403037355455,590.8936157226562
1.0,14015.0,6.0,8.0,16.0,2.0,6.0,2.5234342158633587,15.993946723605923,28.0,8.561108098215793e-05,3.040747318384974,621.3953857421875
1.0,14015.0,6.0,8.0,16.0,2.0,7.0,3.0375934549443633,15.968411867725077,29.0,0.0001175961492094025,3.6431184875509617,651.26123046875
1.0,14015.0,6.0,8.0,16.0,2.0,8.0,3.5883578895952315,15.909848496241512,29.0,0.00010998512263264376,3.5513887553797425,668.7539672851562
1.0,14015.0,6.0,8.0,16.0,2.0,9.0,3.5779738412790727,15.945481998324519,30.0,0.00013623696585357654,4.131372536155654,689.5234985351562
1.0,14015.0,6.0,8.0,16.0,2.0,10.0,4.1742784961244634,15.914576040017517,30.0,0.000130660265411408,4.074243267337475,701.090087890625
1.0,14015.0,6.0,8.0,16.0,2.0,11.0,3.987962287857394,15.912789570680323,31.0,0.00016097912724560677,4.740380828982466,691.9053344726562
1.0,14015.0,6.0,8.0,16.0,2.0,12.0,4.659779494466568,15.829249834404067,31.0,0.00017725151866738344,4.9186741000727014,738.3134765625
1.0,14015.0,6.0,8.0,16.0,2.0,13.0,5.0129233452925055,15.911954524195107,32.0,0.00017387609475883346,5.2332964613483055,743.722900390625
1.0,14015.0,6.0,8.0,16.0,2.0,14.0,5.143828047697659,15.8258221673756,32.0,0.00017722635208863312,5.251240798735167,740.383544921875
1.0,14015.0,6.0,8.0,16.0,2.0,15.0,5.247290274609728,15.885334918478678,32.0,0.00021464636564910743,5.73724866914524,705.4066772460938
1.0,14015.0,6.0,8.0,16.0,2.0,16.0,5.754079571608083,15.887633311502151,31.0,0.00022845725807732185,5.565699620914948,707.347412109375
1.0,14015.0,6.0,8.0,16.0,2.0,17.0,5.550680309464179,15.94720033944525,31.0,0.00025561824982224676,5.899078878164894,669.1593017578125
1.0,14015.0,6.0,8.0,16.0,2.0,18.0,5.8389703418997865,15.864760630877768,31.0,0.000234504974479088,5.640335578767028,661.9700927734375
1.0,14015.0,6.0,8.0,16.0,2.0,19.0,5.6046554679903515,15.916798537258401,30.0,0.0001726218113764438,4.595806886322857,619.6561279296875
1.0,14015.0,6.0,8.0,16.0,2.0,20.0,4.556186123657087,15.908148283950998,30.0,0.00015096761550820504,4.3065433292615,562.736083984375
1.0,14015.0,6.0,8.0,16.0,2.0,21.0,4.372183610640531,15.955723930121207,30.0,9.65060158101822e-05,3.7085903786940717,520.01806640625
1.0,14015.0,6.0,8.0,16.0,2.0,22.0,3.6717069649303657,15.88083375421508,29.0,8.821360038618654e-05,3.337627315263844,508.6416015625
1.0,14015.0,6.0,8.0,16.0,2.0,0.0,2.375563943855003,16.0,29.0,0.0,2.3755639438550027,407.07586669921875
1.0,14015.0,6.0,8.0,16.0,2.0,1.0,2.375563943855003,16.0,29.0,0.0,2.3755639438550027,478.5174255371094
1.0,14015.0,6.0,8.0,16.0,2.0,2.0,2.375563943855003,16.0,29.0,0.0,2.3755639438550027,525.6500854492188
1.0,14015.0,6.0,8.0,16.0,2.0,3.0,2.375563943855003,16.0,29.0,0.0,2.3755639438550027,551.8710327148438
1.0,14015.0,6.0,8.0,16.0,2.0,4.0,2.375563943855003,16.0,29.0,3.1220918686847464e-05,2.7105914572969105,581.523193359375
1.0,14015.0,6.0,8.0,16.0,2.0,5.0,2.7074148217142304,15.992073037125182,29.0,6.842861596796568e-05,3.1074033206673057,612.5924072265625
1.0,14015.0,6.0,8.0,16.0,2.0,6.0,3.1089742496237847,15.978805308048845,29.0,6.0177121308739173e-05,3.023552016856224,623.7366943359375
1.0,14015.0,6.0,8.0,16.0,2.0,7.0,2.938057528595814,15.94834506584285,29.0,6.645707174628002e-05,3.0777914336564582,642.4051513671875
1.0,14015.0,6.0,8.0,16.0,2.0,8.0,3.1227930091862723,15.98510630245173,29.0,9.713697682858022e-05,3.414020365718797,657.8129272460938
1.0,14015.0,6.0,8.0,16.0,2.0,9.0,3.3975060917129403,15.964732688848732,29.0,0.00010215968105292203,3.4632175563277006,670.8204956054688
1.0,14015.0,6.0,8.0,16.0,2.0,10.0,3.50088292194982,15.973102679667491,30.0,0.00012996829715391844,4.049773649510286,692.7025146484375
1.0,14015.0,6.0,8.0,16.0,2.0,11.0,4.105685985919285,15.96408062618155,27.0,0.00016308961041700367,3.5074750527527523,712.9326171875
1.0,14015.0,6.0,8.0,16.0,2.0,12.0,3.5174070204286454,15.9238582838557,28.0,0.00018655649921900974,4.0402135930087155,711.7727661132812
1.0,14015.0,6.0,8.0,16.0,2.0,13.0,4.045353922246142,15.908725417421778,28.0,0.0001839361311560452,4.023934287802499,707.1563720703125
1.0,14015.0,6.0,8.0,16.0,2.0,14.0,3.9365599074654587,15.888825954017268,28.0,0.0001985216444856048,4.149638776753466,679.6270751953125
1.0,14015.0,6.0,8.0,16.0,2.0,15.0,4.197953498438826,15.939412481448475,29.0,0.00022112223554079173,4.724823095644327,664.6725463867188
1.0,14015.0,6.0,8.0,16.0,2.0,16.0,4.939109431453946,16.01478438270473,28.0,0.00020589800082396076,4.277128706904696,656.4360961914062
1.0,14015.0,6.0,8.0,16.0,2.0,17.0,4.208290601388974,15.902486427198086,28.0,0.00024174178424302955,4.594920136806959,627.1475830078125
1.0,14015.0,6.0,8.0,16.0,2.0,18.0,4.565822301783155,15.859363980236202,28.0,0.00023732730546858135,4.5329758907157744,611.2101440429688
1.0,14015.0,6.0,8.0,16.0,2.0,19.0,4.665095191479859,15.971275377363126,27.0,0.00016906235983270282,3.601135455416466,546.222900390625
1.0,14015.0,6.0,8.0,16.0,2.0,20.0,3.6282191308176985,15.886423859000226,27.0,0.00015924290756812306,3.4867742706847427,539.1400756835938
1.0,14015.0,6.0,8.0,16.0,2.0,21.0,3.4612820223010137,15.855963124608596,26.0,9.954932319365656e-05,2.6928980817307706,539.2595825195312
1.0,14015.0,6.0,8.0,16.0,2.0,22.0,2.6228054184459033,15.811500241786876,26.0,9.232029622258537e-05,2.615393624429451,512.1716918945312
1.0,14015.0,6.0,8.0,16.0,2.0,0.0,1.8273568798884636,16.0,26.0,0.0,1.8273568798884663,331.6581115722656
1.0,14015.0,6.0,8.0,16.0,2.0,1.0,1.8273568798884658,16.0,25.0,0.0,1.6443786554353517,356.8360290527344
1.0,14015.0,6.0,8.0,16.0,2.0,2.0,1.6450471449606816,15.997679511184103,25.0,0.0,1.645004917029199,411.5867614746094
1.0,14015.0,6.0,8.0,16.0,2.0,3.0,1.6449860220837793,15.997810028527184,25.0,1.9814815282726314e-06,1.659671012489413,476.40948486328125
1.0,14015.0,6.0,8.0,16.0,2.0,4.0,1.6581992743768716,15.997611843384885,25.0,2.2422325497621034e-05,1.8111223932106018,546.743896484375
1.0,14015.0,6.0,8.0,16.0,2.0,5.0,1.8135166102407039,15.995557211566986,25.0,8.00419605440889e-05,2.2443409981078792,574.40283203125
1.0,14015.0,6.0,8.0,16.0,2.0,6.0,2.182038981654078,15.956765300446763,25.0,0.00011562278750617121,2.5009937072394552,605.235107421875
1.0,14015.0,6.0,8.0,16.0,2.0,7.0,2.4523131953414348,15.952896339008145,25.0,0.00013760720747390612,2.66014659752073,627.1061401367188
1.0,14015.0,6.0,8.0,16.0,2.0,8.0,2.653941377886278,15.967469644418179,25.0,0.00011985324633833763,2.532431392118429,623.7295532226562
1.0,14015.0,6.0,8.0,16.0,2.0,9.0,2.5615800456555395,15.97651572771764,26.0,0.0001470993469491084,3.040438794056787,651.0558471679688
1.0,14015.0,6.0,8.0,16.0,2.0,10.0,3.07728264874523,15.955922529029255,26.0,0.00021407365658085483,3.5937720695925175,686.1162109375
1.0,14015.0,6.0,8.0,16.0,2.0,11.0,3.6186711842164616,15.915397755988804,27.0,0.00024063560692856486,4.209412481205075,684.3912353515625
1.0,14015.0,6.0,8.0,16.0,2.0,12.0,4.040315961696063,15.804489522177436,27.0,0.00026512704264311477,4.40392657060754,699.9182739257812
1.0,14015.0,6.0,8.0,16.0,2.0,13.0,4.421975651355062,15.872707820502805,28.0,0.0002705250017095912,4.839044434289755,700.4827270507812
1.0,14015.0,6.0,8.0,16.0,2.0,14.0,5.078806562746987,15.966471114073162,28.0,0.00027589388986729317,4.966575206718329,692.9683837890625
1.0,14015.0,6.0,8.0,16.0,2.0,15.0,4.833553687537673,15.796969781475736,28.0,0.00032083873635199185,5.322519117195083,680.5872802734375
1.0,14015.0,6.0,8.0,16.0,2.0,16.0,5.4391334121329855,15.951009635699492,29.0,0.00032190393723807823,5.804820075721056,660.0701904296875
1.0,14015.0,6.0,8.0,16.0,2.0,17.0,5.936074319737908,15.960294538326417,29.0,0.000351213403773328,6.12618467310755,630.9044189453125
1.0,14015.0,6.0,8.0,16.0,2.0,18.0,6.210734629993757,16.00179505778503,28.0,0.00033650505564156977,5.607469951860005,594.9979858398438
1.0,14015.0,6.0,8.0,16.0,2.0,19.0,5.408904403085196,15.800417814000033,29.0,0.0002834137640439582,5.377410123952492,603.3012084960938
1.0,14015.0,6.0,8.0,16.0,2.0,20.0,5.544143423135569,15.978708484620547,28.0,0.000252812631950844,4.737518760702993,539.4407958984375
1.0,14015.0,6.0,8.0,16.0,2.0,21.0,4.7149055713203785,15.961549158497105,27.0,0.00015359872521940982,3.484189029252823,534.002197265625
1.0,14015.0,6.0,8.0,16.0,2.0,22.0,3.3350996659208794,15.830010646820131,27.0,0.00011594154574741326,3.0766058309292936,533.7291870117188
1.0,14015.0,6.0,8.0,16.0,2.0,0.0,2.0100925678773103,16.0,27.0,0.0,2.010092567877317,349.0731201171875
1.0,14015.0,6.0,8.0,16.0,2.0,1.0,2.010092567877316,15.999999999999998,27.0,0.0,2.0100925678773165,407.2457580566406
1.0,14015.0,6.0,8.0,16.0,2.0,2.0,2.010092567877316,15.999999999999998,26.0,0.0,1.8270403312355934,444.0787353515625
1.0,14015.0,6.0,8.0,16.0,2.0,3.0,1.8277453649195092,15.997907942005417,26.0,0.0,1.827707588570915,513.8534545898438
1.0,14015.0,6.0,8.0,16.0,2.0,4.0,1.827690780376038,15.99801125477137,26.0,0.0,1.8276799007750657,550.2492065429688
1.0,14015.0,6.0,8.0,16.0,2.0,5.0,1.827669595655419,15.998137507625202,25.0,7.006571739963248e-05,2.164770770922269,572.6152954101562
1.0,14015.0,6.0,8.0,16.0,2.0,6.0,2.1518671390497564,15.98335416470185,26.0,0.00011660034803939501,2.794722552429868,612.2586059570312
1.0,14015.0,6.0,8.0,16.0,2.0,7.0,2.781599300229784,15.945405072623348,27.0,0.00018625805949560028,3.708683287596526,650.236328125
1.0,14015.0,6.0,8.0,16.0,2.0,8.0,3.7462240684783836,15.90334230099444,28.0,0.0002397276775400141,4.576750301277163,684.1278076171875
1.0,14015.0,6.0,8.0,16.0,2.0,9.0,4.704966273808129,15.849957355405744,28.0,0.0001886076578028625,4.097464426045651,670.6541748046875
1.0,14015.0,6.0,8.0,16.0,2.0,10.0,4.150353665037899,15.901318736985942,29.0,0.0001882142750077612,4.4212702524927945,704.148681640625
1.0,14015.0,6.0,8.0,16.0,2.0,11.0,4.420516593418083,15.854511647387108,29.0,0.00023273752673098986,4.880967165860874,714.9776611328125
1.0,14015.0,6.0,8.0,16.0,2.0,12.0,4.933982283563104,15.854738593169452,30.0,0.00020022364926233473,4.885456499064066,743.1736450195312
1.0,14015.0,6.0,8.0,16.0,2.0,13.0,4.911556765779904,15.888661063884149,30.0,0.00025347341601880815,5.484160126349906,715.9927368164062
1.0,14015.0,6.0,8.0,16.0,2.0,14.0,5.541253712921183,15.87526732947298,30.0,0.0002755307476005729,5.73696408535832,720.6732177734375
1.0,14015.0,6.0,8.0,16.0,2.0,15.0,5.871783478731162,15.916623142980287,31.0,0.0002748917564382357,6.141975310611183,711.6648559570312
1.0,14015.0,6.0,8.0,16.0,2.0,16.0,6.180446909741783,15.904944104175385,30.0,0.0002722968762212908,5.726048468643635,699.7060546875
1.0,14015.0,6.0,8.0,16.0,2.0,17.0,5.767617043517891,15.956668899189964,30.0,0.0002796403268726448,5.796894794977802,659.895263671875
1.0,14015.0,6.0,8.0,16.0,2.0,18.0,5.808635417311191,15.886997061491789,30.0,0.0003860766071911483,6.998594663279951,627.6476440429688
1.0,14015.0,6.0,8.0,16.0,2.0,19.0,6.921077546296839,15.653679133220292,29.0,0.0002483603014773412,5.1991797774896344,618.6300659179688
1.0,14015.0,6.0,8.0,16.0,2.0,20.0,5.160999395838882,15.745969464116778,29.0,0.0002685674675018032,5.304303093128713,584.3341064453125
1.0,14015.0,6.0,8.0,16.0,2.0,21.0,5.468256723739075,15.82993832928935,29.0,0.00010536466812596813,3.6709578093821205,530.8848876953125
1.0,14015.0,6.0,8.0,16.0,2.0,22.0,3.5791659644061875,15.6069743869981,29.0,6.383956578341935e-05,3.1366676800915694,521.8589477539062
1.0,14015.0,6.0,8.0,16.0,2.0,0.0,2.1928282558661567,16.0,28.0,0.0,2.1928282558661567,375.37158203125
1.0,14015.0,6.0,8.0,16.0,2.0,1.0,2.1928282558661567,16.0,27.0,0.0,2.0097144908608007,407.9985656738281
1.0,14015.0,6.0,8.0,16.0,2.0,2.0,2.010447466120319,15.998097923080882,27.0,0.0,2.010414967986802,479.22967529296875
1.0,14015.0,6.0,8.0,16.0,2.0,3.0,2.010399967614707,15.99818113073012,27.0,0.0,2.010390688960591,536.6861572265625
1.0,14015.0,6.0,8.0,16.0,2.0,4.0,2.010381884558122,15.998288203229231,27.0,1.3747953456718028e-05,2.134745648368897,559.6759643554688
1.0,14015.0,6.0,8.0,16.0,2.0,5.0,2.133195626957254,15.997576026142347,27.0,3.337873188189206e-05,2.3109375573595563,584.5227661132812
1.0,14015.0,6.0,8.0,16.0,2.0,6.0,2.3339351676745728,15.99958577294264,27.0,4.988862238634927e-05,2.4611305071645173,608.1065673828125
1.0,14015.0,6.0,8.0,16.0,2.0,7.0,2.450935514319138,15.989857490456592,28.0,6.750919640278377e-05,2.862224233102123,631.7684326171875
1.0,14015.0,6.0,8.0,16.0,2.0,8.0,2.831689049883861,15.965844094261294,28.0,7.814498477379807e-05,2.9584381253661487,647.8759765625
1.0,14015.0,6.0,8.0,16.0,2.0,9.0,2.977902689398579,15.987363305664195,28.0,9.925351221525471e-05,3.1749011125609816,659.4839477539062
1.0,14015.0,6.0,8.0,16.0,2.0,10.0,3.1217470251318193,15.958964173841093,29.0,0.00012958682933366525,3.7681407049326565,678.8146362304688
1.0,14015.0,6.0,8.0,16.0,2.0,11.0,3.6911959039265523,15.899315834895837,30.0,0.00014535950603027727,4.229283783934751,689.8239135742188
1.0,14015.0,6.0,8.0,16.0,2.0,12.0,4.18840063035426,15.908262139514735,29.0,0.0001561235539285295,4.0586291818837585,738.2789306640625
1.0,14015.0,6.0,8.0,16.0,2.0,13.0,4.0270230272365835,15.881828817499224,30.0,0.00016549799100431582,4.458359794737859,728.0361938476562
1.0,14015.0,6.0,8.0,16.0,2.0,14.0,4.481893780212892,15.904117153130892,30.0,0.00017941212313485493,4.620806987850392,721.8372802734375
1.0,14015.0,6.0,8.0,16.0,2.0,15.0,4.648446459242473,15.939666734671576,29.0,0.00018566969177805044,4.376772072530691,684.3981323242188
1.0,14015.0,6.0,8.0,16.0,2.0,16.0,4.415092350733964,15.912137837541227,29.0,0.0002027504863924612,4.546434256983868,663.2608032226562
1.0,14015.0,6.0,8.0,16.0,2.0,17.0,4.515992754653375,15.91088932819804,29.0,0.0002335052061783713,4.86657517342286,641.69140625
1.0,14015.0,6.0,8.0,16.0,2.0,18.0,4.879158797901679,15.91460086453646,29.0,0.000223995619224912,4.778407382031895,622.8330688476562
1.0,14015.0,6.0,8.0,16.0,2.0,19.0,4.7798371174987375,15.911064288257048,28.0,0.000168195393086641,3.898127402976579,572.052001953125
1.0,14015.0,6.0,8.0,16.0,2.0,20.0,3.833804997858539,15.865108017359969,28.0,0.00014989486764087427,3.6866025509987317,541.1866455078125
1.0,14015.0,6.0,8.0,16.0,2.0,21.0,3.672693326924447,15.894131487010846,28.0,9.282674803125804e-05,3.125802166692365,515.50927734375
1.0,14015.0,6.0,8.0,16.0,2.0,22.0,3.2036338579684553,15.927884653875594,28.0,5.756771931708556e-05,2.785544683981506,508.1907043457031
1.0,14015.0,6.0,8.0,16.0,2.0,0.0,2.1928282558661567,16.0,28.0,0.0,2.1928282558661567,375.37158203125
1.0,14015.0,6.0,8.0,16.0,2.0,1.0,2.1928282558661567,16.0,28.0,0.0,2.1928282558661567,441.52349853515625
1.0,14015.0,6.0,8.0,16.0,2.0,2.0,2.1928282558661567,16.0,28.0,0.0,2.1928282558661567,518.8816528320312
1.0,14015.0,6.0,8.0,16.0,2.0,3.0,2.1928282558661567,16.0,27.0,1.746463452775269e-05,2.1666020430469897,540.5017700195312
1.0,14015.0,6.0,8.0,16.0,2.0,4.0,2.168997387975792,15.99945366506692,28.0,1.809257829885512e-05,2.371046418467171,569.576904296875
1.0,14015.0,6.0,8.0,16.0,2.0,5.0,2.3880268209142432,16.001274913372473,27.0,5.084771315077392e-05,2.4681022013052507,588.337158203125
1.0,14015.0,6.0,8.0,16.0,2.0,6.0,2.46969233076167,15.995878923597152,27.0,9.194339478217216e-05,2.8423276758794866,614.8231201171875
1.0,14015.0,6.0,8.0,16.0,2.0,7.0,2.803166141827049,15.971083880802798,28.0,0.00013633282413118324,3.546347015430666,644.0552978515625
1.0,14015.0,6.0,8.0,16.0,2.0,8.0,3.4843283771401374,15.911386802398312,28.0,0.0001903338288423161,4.077645412707727,674.1875610351562
1.0,14015.0,6.0,8.0,16.0,2.0,9.0,3.9901532988474204,15.875566798471663,29.0,0.00015634670353024813,4.047967155638233,690.0033569335938
1.0,14015.0,6.0,8.0,16.0,2.0,10.0,4.03462018277443,15.918761902149605,29.0,0.00015365561247893022,4.017434938711971,696.828369140625
1.0,14015.0,6.0,8.0,16.0,2.0,11.0,4.044030761525016,15.966023971307754,29.0,0.00014913965577770144,3.9750414945113715,704.1436157226562
1.0,14015.0,6.0,8.0,16.0,2.0,12.0,4.022662313294882,15.974116942484274,30.0,0.00018362365239274782,4.677727728517503,702.1376342773438
1.0,14015.0,6.0,8.0,16.0,2.0,13.0,4.718847823527512,15.933185101688053,30.0,0.00016785903928378385,4.5031410931470885,745.9559936523438
1.0,14015.0,6.0,8.0,16.0,2.0,14.0,4.5623548885283505,15.95840526223623,31.0,0.00019886064518342047,5.212235976908606,705.51513671875
1.0,14015.0,6.0,8.0,16.0,2.0,15.0,5.185786548969917,15.85599916763909,31.0,0.00021337390842475896,5.367771762518514,714.4010009765625
1.0,14015.0,6.0,8.0,16.0,2.0,16.0,5.51778722840985,15.93699785514621,30.0,0.00019128918513874405,4.819802213748892,698.0237426757812
1.0,14015.0,6.0,8.0,16.0,2.0,17.0,4.661043848624831,15.848897058237876,30.0,0.00018883471241971865,4.7296013929441045,658.4384765625
1.0,14015.0,6.0,8.0,16.0,2.0,18.0,4.838904311726465,15.942692638194071,29.0,0.00029108879288731684,5.502565289995211,613.9120483398438
1.0,14015.0,6.0,8.0,16.0,2.0,19.0,5.492200472800189,15.846387124899895,29.0,0.00016077418654318514,4.181699589088966,602.6339721679688
1.0,14015.0,6.0,8.0,16.0,2.0,20.0,4.089652159745983,15.807980667345218,29.0,0.00016327060067623133,4.154716307048044,559.4813842773438
1.0,14015.0,6.0,8.0,16.0,2.0,21.0,4.230022657617966,15.850900490675068,29.0,9.203410748840875e-05,3.4168615747162483,521.2691650390625
1.0,14015.0,6.0,8.0,16.0,2.0,22.0,3.421358708453123,15.81151475294469,29.0,7.705747050483533e-05,3.233426687527467,509.9734802246094
1.0,14015.0,6.0,8.0,16.0,2.0,0.0,2.1928282558661567,16.0,28.0,0.0,2.1928282558661567,375.37158203125
1.0,14015.0,6.0,8.0,16.0,2.0,1.0,2.1928282558661567,16.0,28.0,1.755804031320022e-05,2.365641742612031,446.32525634765625
1.0,14015.0,6.0,8.0,16.0,2.0,2.0,2.3716570867061892,16.000926499926287,28.0,3.0189652328515557e-05,2.4893719575871156,521.8651733398438
1.0,14015.0,6.0,8.0,16.0,2.0,3.0,2.511797033174766,16.00059083484418,28.0,2.613110316090341e-05,2.449698981739599,550.6792602539062
1.0,14015.0,6.0,8.0,16.0,2.0,4.0,2.4525115959855266,15.997289985980597,27.0,2.6142182150008067e-05,2.245895592473496,563.3136596679688
1.0,14015.0,6.0,8.0,16.0,2.0,5.0,2.2514563641052567,15.99307282883572,27.0,6.248155822440377e-05,2.577829360244309,591.5328979492188
1.0,14015.0,6.0,8.0,16.0,2.0,6.0,2.53576469487951,15.972430989008611,27.0,8.769403346841348e-05,2.800118593961937,616.066162109375
1.0,14015.0,6.0,8.0,16.0,2.0,7.0,2.7970185298435446,15.978434262204816,27.0,0.00013094509770911707,3.1917053815301997,635.3041381835938
1.0,14015.0,6.0,8.0,16.0,2.0,8.0,3.2354881979414083,15.972647405179961,26.0,0.00015987756952565182,3.141544803288675,639.882080078125
1.0,14015.0,6.0,8.0,16.0,2.0,9.0,3.1863959651887166,15.97474149100595,28.0,0.0001439311243060138,3.612649472597542,669.1292114257812
1.0,14015.0,6.0,8.0,16.0,2.0,10.0,3.657305362561386,15.96248008738518,27.0,0.00013387056122576128,3.2354570010011634,687.2767333984375
1.0,14015.0,6.0,8.0,16.0,2.0,11.0,3.2223540465586895,15.939900805039084,26.0,0.0001427235686534105,3.0075139930148427,684.9232177734375
1.0,14015.0,6.0,8.0,16.0,2.0,12.0,3.009878398707968,15.949878592576997,26.0,0.00018013591872253766,3.31908226512766,669.1503295898438
1.0,14015.0,6.0,8.0,16.0,2.0,13.0,3.270531039579575,15.912819749041182,28.0,0.00018068717089273536,3.983641048279391,681.7567138671875
1.0,14015.0,6.0,8.0,16.0,2.0,14.0,3.9766185212372944,15.880353094181551,28.0,0.00020038104217904898,4.18138415476913,681.5734252929688
1.0,14015.0,6.0,8.0,16.0,2.0,15.0,4.1221096250376315,15.876096833234772,29.0,0.00020194419578105255,4.527350470985393,668.5573120117188
1.0,14015.0,6.0,8.0,16.0,2.0,16.0,4.621167110554458,15.92955464052068,29.0,0.00018421305577725266,4.3604321087619216,670.6532592773438
1.0,14015.0,6.0,8.0,16.0,2.0,17.0,4.434789348807698,15.93635189962375,29.0,0.00019225734885316672,4.451602143823017,634.9599609375
1.0,14015.0,6.0,8.0,16.0,2.0,18.0,4.367485809598364,15.877151015407366,29.0,0.0002794480992739674,5.348550654164989,623.7512817382812
1.0,14015.0,6.0,8.0,16.0,2.0,19.0,5.519401830074129,15.847358162593295,28.0,0.00016209477626069084,3.9040728815128403,581.465087890625
1.0,14015.0,6.0,8.0,16.0,2.0,20.0,3.9070861808113775,15.788504270566193,28.0,0.00017500916192731973,3.9886184636740825,553.9500732421875
1.0,14015.0,6.0,8.0,16.0,2.0,21.0,3.9406072104149086,15.745981858229127,28.0,9.287533550964511e-05,3.16827503037558,528.6443481445312
1.0,14015.0,6.0,8.0,16.0,2.0,22.0,3.1851509102847606,15.770530951571784,28.0,5.987588280145546e-05,2.831448316176787,520.4019165039062
1.0,14015.0,6.0,8.0,16.0,2.0,0.0,2.2106833743036374,16.0,28.0,1.6789849388297098e-06,2.2092949323957805,375.8451232910156
1.0,14015.0,6.0,8.0,16.0,2.0,1.0,2.2080466239403274,15.999642728966604,28.0,0.0,2.192657604060615,441.6418151855469
1.0,14015.0,6.0,8.0,16.0,2.0,2.0,2.1928278402302115,16.00005183308893,28.0,7.517438164231938e-06,2.2670499199585255,520.2400512695312
1.0,14015.0,6.0,8.0,16.0,2.0,3.0,2.2659394500066057,15.998794518134723,27.0,2.4249229166178206e-05,2.2275761247724994,541.6530151367188
1.0,14015.0,6.0,8.0,16.0,2.0,4.0,2.2203089587641163,15.997675571841436,28.0,1.9236658896409544e-05,2.383004461750621,570.227783203125
1.0,14015.0,6.0,8.0,16.0,2.0,5.0,2.3762588798697832,15.993222426859846,28.0,5.5364844187674884e-05,2.737592091794101,601.3661499023438
1.0,14015.0,6.0,8.0,16.0,2.0,6.0,2.7600820260303784,15.99167119503155,28.0,8.491729506284644e-05,3.032470895879267,619.2359619140625
1.0,14015.0,6.0,8.0,16.0,2.0,7.0,3.003314428799868,15.961804604924021,28.0,0.00011582667787460336,3.3278315713360844,641.7423706054688
1.0,14015.0,6.0,8.0,16.0,2.0,8.0,3.3498976716365743,15.975291354608817,29.0,0.00011285160709063531,3.5768256086593713,662.0299682617188
1.0,14015.0,6.0,8.0,16.0,2.0,9.0,3.588221123705244,15.97924296887218,29.0,0.00013599005923054186,3.823202604907898,675.499755859375
1.0,14015.0,6.0,8.0,16.0,2.0,10.0,3.8525920997943843,15.982816526369858,29.0,0.00012833806905681702,3.7495450531433607,684.1570434570312
1.0,14015.0,6.0,8.0,16.0,2.0,11.0,3.7603181129377177,15.96743130819856,29.0,0.00015850423903916892,4.065511999153968,686.5584716796875
1.0,14015.0,6.0,8.0,16.0,2.0,12.0,4.069783299724233,15.955188395095536,30.0,0.0001782668849249896,4.59497142298667,707.9487915039062
1.0,14015.0,6.0,8.0,16.0,2.0,13.0,4.679052340861827,15.988516006143964,30.0,0.0001731568531286932,4.555130411246153,736.9217529296875
1.0,14015.0,6.0,8.0,16.0,2.0,14.0,4.612517030369923,15.991184408745939,31.0,0.00018409334235103454,5.012142965278314,710.8458862304688
1.0,14015.0,6.0,8.0,16.0,2.0,15.0,5.0913758311602875,15.93453005249166,31.0,0.00021289654932100084,5.3583563195218655,703.5028686523438
1.0,14015.0,6.0,8.0,16.0,2.0,16.0,5.412105482778794,15.955222454301621,30.0,0.00022710307794511107,5.1894381969258605,688.8377685546875
1.0,14015.0,6.0,8.0,16.0,2.0,17.0,5.178399170134714,15.922311247460957,30.0,0.00026108729538757726,5.556819271566679,661.4652099609375
1.0,14015.0,6.0,8.0,16.0,2.0,18.0,5.574584994778055,15.893305535152958,29.0,0.00023144339102635757,4.8820094737280835,637.4612426757812
1.0,14015.0,6.0,8.0,16.0,2.0,19.0,4.916565034325983,15.916545390118817,29.0,0.00017203794119250744,4.257747677357106,586.6893920898438
1.0,14015.0,6.0,8.0,16.0,2.0,20.0,4.215275937397009,15.861786823738893,29.0,0.00015574863065221688,4.052354104543388,553.199951171875
1.0,14015.0,6.0,8.0,16.0,2.0,21.0,4.090237717117425,15.906638226623546,29.0,9.524862257939652e-05,3.427422326201583,516.6932983398438
1.0,14015.0,6.0,8.0,16.0,2.0,22.0,3.34532726737071,15.870430504060073,29.0,9.220981600755678e-05,3.372998877130798,508.55755615234375
1.0,14015.0,6.0,8.0,16.0,2.0,0.0,2.375563943855003,16.0,29.0,0.0,2.3755639438550027,407.07586669921875
1.0,14015.0,6.0,8.0,16.0,2.0,1.0,2.375563943855003,16.0,28.0,0.0,2.192398294709276,442.349609375
1.0,14015.0,6.0,8.0,16.0,2.0,2.0,2.1931525626526964,15.998258048609149,28.0,0.0,2.1931260653033884,519.1975708007812
1.0,14015.0,6.0,8.0,16.0,2.0,3.0,2.1931126977710687,15.998326454025335,28.0,0.0,2.1931047014064666,544.4193115234375
1.0,14015.0,6.0,8.0,16.0,2.0,4.0,2.1930971023904413,15.9984182842906,28.0,9.601893325390183e-06,2.287633715312243,567.8167724609375
1.0,14015.0,6.0,8.0,16.0,2.0,5.0,2.2937200226097376,15.998967528326713,28.0,5.230959684665545e-05,2.7109446042493426,599.8092651367188
1.0,14015.0,6.0,8.0,16.0,2.0,6.0,2.7197340126081135,15.987966341540996,28.0,6.882723752421979e-05,2.8686319107599134,616.635986328125
1.0,14015.0,6.0,8.0,16.0,2.0,7.0,2.9041672843262294,15.998085989132099,29.0,0.00015476163799227493,4.06234839167012,655.3005981445312
1.0,14015.0,6.0,8.0,16.0,2.0,8.0,3.980232514497188,15.84891948226986,29.0,0.00018026164066316854,4.308063269499812,690.8953247070312
1.0,14015.0,6.0,8.0,16.0,2.0,9.0,4.372257314573022,15.900173836034794,30.0,0.0001574574171132218,4.389705262386132,694.3300170898438
1.0,14015.0,6.0,8.0,16.0,2.0,10.0,4.3916060080029755,15.889379134115682,30.0,0.00016705831584879098,4.501931829710046,713.2962646484375
1.0,14015.0,6.0,8.0,16.0,2.0,11.0,4.408817217089643,15.854389999938487,31.0,0.00014633553848613414,4.554253921494981,727.485107421875
1.0,14015.0,6.0,8.0,16.0,2.0,12.0,4.492124822018156,15.872602202267316,31.0,0.00018321310344685687,5.004139181058589,720.5170288085938
1.0,14015.0,6.0,8.0,16.0,2.0,13.0,4.9940333777271295,15.869642732568456,31.0,0.00017300886143622096,4.878102858051336,751.5487060546875
1.0,14015.0,6.0,8.0,16.0,2.0,14.0,5.004556216078573,15.929022102209995,31.0,0.0002085918938748574,5.306651070351251,716.9193115234375
1.0,14015.0,6.0,8.0,16.0,2.0,15.0,5.445930930607749,15.98044663937046,31.0,0.00022845940380997675,5.583249551743169,702.5494995117188
1.0,14015.0,6.0,8.0,16.0,2.0,16.0,5.51224019886565,15.890793912050869,31.0,0.00021508394596392056,5.401772299742258,701.8270874023438
1.0,14015.0,6.0,8.0,16.0,2.0,17.0,5.3769537363223225,15.936882743791676,29.0,0.00019263312157492035,4.478146606770552,663.9874267578125
1.0,14015.0,6.0,8.0,16.0,2.0,18.0,4.441213680518665,15.929254137078683,29.0,0.0002729324719999265,5.3229900481939945,618.5367431640625
1.0,14015.0,6.0,8.0,16.0,2.0,19.0,5.250133970962114,15.798437038099674,29.0,0.0001874261241021756,4.435268266080463,606.3237915039062
1.0,14015.0,6.0,8.0,16.0,2.0,20.0,4.478091388158592,15.838190541566506,28.0,0.00015875431518261137,3.826899882612377,549.4585571289062
1.0,14015.0,6.0,8.0,16.0,2.0,21.0,3.680375848851323,15.769203122694591,28.0,9.793477032671469e-05,3.1943924547343476,525.7764282226562
1.0,14015.0,6.0,8.0,16.0,2.0,22.0,3.236499405085209,15.819840615122494,28.0,0.0001045637138986273,3.261196429203418,528.3704223632812
1.0,14015.0,6.0,8.0,16.0,2.0,0.0,2.1928282558661567,16.0,28.0,0.0,2.1928282558661567,375.37158203125
1.0,14015.0,6.0,8.0,16.0,2.0,1.0,2.1928282558661567,16.0,28.0,0.0,2.1928282558661567,441.52349853515625
1.0,14015.0,6.0,8.0,16.0,2.0,2.0,2.1928282558661567,16.0,28.0,0.0,2.1928282558661567,518.8816528320312
1.0,14015.0,6.0,8.0,16.0,2.0,3.0,2.1928282558661567,16.0,29.0,1.9042260863059624e-06,2.3981741903146334,552.03857421875
1.0,14015.0,6.0,8.0,16.0,2.0,4.0,2.397544374502215,15.996231441626769,29.0,2.1898970182814297e-05,2.6100985528363085,579.6444702148438
1.0,14015.0,6.0,8.0,16.0,2.0,5.0,2.6171895915766252,15.993964447095465,28.0,7.661065930269944e-05,2.948127629386369,605.921142578125
1.0,14015.0,6.0,8.0,16.0,2.0,6.0,2.9399086878017306,15.977891165012588,28.0,0.00011579871251658472,3.331971453718706,626.1608276367188
1.0,14015.0,6.0,8.0,16.0,2.0,7.0,3.3387530819201365,15.969328726497034,28.0,0.00013656347911832385,3.536026783187049,645.2560424804688
1.0,14015.0,6.0,8.0,16.0,2.0,8.0,3.5531511051374176,15.969210786032294,28.0,0.00011636925609390946,3.338576238146775,654.0036010742188
1.0,14015.0,6.0,8.0,16.0,2.0,9.0,3.3966906335828764,15.990130641159654,29.0,0.0001537978199830072,4.032130782603134,680.330078125
1.0,14015.0,6.0,8.0,16.0,2.0,10.0,3.9780573331617917,15.904037231080299,29.0,0.0002077932758269641,4.59413057053281,710.855712890625
1.0,14015.0,6.0,8.0,16.0,2.0,11.0,4.614245913201172,15.906188850725822,28.0,0.00024246026252404952,4.593998723420863,703.8831787109375
1.0,14015.0,6.0,8.0,16.0,2.0,12.0,4.616306921649881,15.933117791319022,29.0,0.0002559935725235889,5.120418749879939,710.4253540039062
1.0,14015.0,6.0,8.0,16.0,2.0,13.0,5.0826104115942075,15.880032374238287,29.0,0.00026517714043626024,5.219945330997206,721.0096435546875
1.0,14015.0,6.0,8.0,16.0,2.0,14.0,5.202025714539443,15.890630934118477,29.0,0.0002810983481765775,5.3879183365110315,709.6237182617188
1.0,14015.0,6.0,8.0,16.0,2.0,15.0,5.371277327165079,15.881673919767707,29.0,0.00032179667744758745,5.8035966860565855,688.94775390625
1.0,14015.0,6.0,8.0,16.0,2.0,16.0,5.854941050663193,15.907694713401016,29.0,0.0003206754006108002,5.819842828631466,669.9624633789062
1.0,14015.0,6.0,8.0,16.0,2.0,17.0,5.795231629611597,15.9020280129794,28.0,0.00036718920123870037,5.805079352402351,619.0115356445312
1.0,14015.0,6.0,8.0,16.0,2.0,18.0,5.989570511647792,15.982249537546895,28.0,0.00033568667479283904,5.554573660973994,593.79248046875
1.0,14015.0,6.0,8.0,16.0,2.0,19.0,5.486208445611869,15.87645705667676,28.0,0.0002873576347208935,5.042286300847874,576.6505126953125
1.0,14015.0,6.0,8.0,16.0,2.0,20.0,5.07829663855911,15.959135588859237,28.0,0.0002509107329808429,4.695661879795624,545.5645751953125
1.0,14015.0,6.0,8.0,16.0,2.0,21.0,4.610612508528641,15.92875535642781,28.0,0.00015827407115147718,3.7879096714860516,531.7357177734375
1.0,14015.0,6.0,8.0,16.0,2.0,22.0,3.8243483084567207,15.916610019524612,28.0,0.00011547106490379426,3.3581018057732797,526.9917602539062
1.0,14015.0,6.0,8.0,16.0,2.0,0.0,2.489253422937149,16.0,28.0,3.279297628643141e-05,2.5133165600058875,384.4580078125
1.0,14015.0,6.0,8.0,16.0,2.0,1.0,2.5261851870002023,16.001668927068778,27.0,2.112660701830819e-05,2.201080243777635,412.7845153808594
1.0,14015.0,6.0,8.0,16.0,2.0,2.0,2.1791408017532734,15.990115369915994,28.0,3.0052711017508176e-05,2.490881011648555,525.1217041015625
1.0,14015.0,6.0,8.0,16.0,2.0,3.0,2.5000133287605664,15.989998346370404,28.0,8.175047762897835e-06,2.275224407380372,548.1368408203125
1.0,14015.0,6.0,8.0,16.0,2.0,4.0,2.276753579005838,15.98552971660386,28.0,4.071225714768119e-05,2.596544995496301,576.9061889648438
1.0,14015.0,6.0,8.0,16.0,2.0,5.0,2.633575452650264,15.987745274465231,28.0,9.920302298664155e-05,3.1791037842363923,612.3334350585938
1.0,14015.0,6.0,8.0,16.0,2.0,6.0,3.193035969954224,15.952395923627837,27.0,0.00012186608659254871,3.1175992104704298,618.5606079101562
1.0,14015.0,6.0,8.0,16.0,2.0,7.0,3.059377640577181,15.938844799892212,28.0,0.00014527064688578246,3.6224612222058914,649.9612426757812
1.0,14015.0,6.0,8.0,16.0,2.0,8.0,3.6788935965822622,15.969166800045608,29.0,0.00013480793757860769,3.8327272265513552,667.4769287109375
1.0,14015.0,6.0,8.0,16.0,2.0,9.0,3.747392832512314,15.90679857350971,29.0,0.0001547987337135495,4.026125413169916,688.0521850585938
1.0,14015.0,6.0,8.0,16.0,2.0,10.0,4.0810688388374485,15.945726569953079,29.0,0.00024314703849391878,4.961800016277226,725.4737548828125
1.0,14015.0,6.0,8.0,16.0,2.0,11.0,5.173773399691921,15.99611833383012,29.0,0.00026983347320948416,5.289794746355108,706.80615234375
1.0,14015.0,6.0,8.0,16.0,2.0,12.0,5.361094430862428,15.913955446767424,30.0,0.0002669710092317111,5.6628557028653,704.3257446289062
1.0,14015.0,6.0,8.0,16.0,2.0,13.0,5.563643544013907,15.808031096190625,30.0,0.00027207317503821,5.689658490900759,728.5958251953125
1.0,14015.0,6.0,8.0,16.0,2.0,14.0,5.805092799257224,15.899561626430025,30.0,0.00028485941948706275,5.84351047236379,721.2009887695312
1.0,14015.0,6.0,8.0,16.0,2.0,15.0,5.987103037991852,15.939288549268234,29.0,0.0003242883374627175,5.876431567255614,689.4442138671875
1.0,14015.0,6.0,8.0,16.0,2.0,16.0,5.876519719038815,15.853611196594649,28.0,0.000338727501819502,5.555047138301228,664.3053588867188
1.0,14015.0,6.0,8.0,16.0,2.0,17.0,5.577906304486539,15.953016714317085,28.0,0.00037157447621254515,5.865472806865667,612.6951904296875
1.0,14015.0,6.0,8.0,16.0,2.0,18.0,5.965365632224219,15.904596403767954,28.0,0.0003375831568576642,5.559677870763296,600.58740234375
1.0,14015.0,6.0,8.0,16.0,2.0,19.0,5.543109795492765,15.9368608472807,28.0,0.0002992890203837578,5.175083824283871,570.5899047851562
1.0,14015.0,6.0,8.0,16.0,2.0,20.0,5.222233877912504,15.939174153838701,28.0,0.00026062464777721375,4.790194529119437,546.8612670898438
1.0,14015.0,6.0,8.0,16.0,2.0,21.0,4.790047032110791,15.960985815556878,28.0,0.00018099230994094107,4.030168036481974,530.8508911132812
1.0,14015.0,6.0,8.0,16.0,2.0,22.0,3.9528361330964303,15.864686420166546,29.0,0.0001404069857980461,3.8870013575057136,523.025390625
1.0,14015.0,6.0,8.0,16.0,2.0,0.0,2.375563943855003,16.0,29.0,0.0,2.3755639438550027,407.07586669921875
1.0,14015.0,6.0,8.0,16.0,2.0,1.0,2.375563943855003,16.0,29.0,8.242356368399015e-06,2.463430850934644,481.1462707519531
1.0,14015.0,6.0,8.0,16.0,2.0,2.0,2.4666680764816533,16.000181951671145,28.0,2.7899593755816623e-06,2.2204155227058338,516.661376953125
1.0,14015.0,6.0,8.0,16.0,2.0,3.0,2.2187075855420737,15.995351970646087,28.0,0.0,2.1932566057976315,544.83740234375
1.0,14015.0,6.0,8.0,16.0,2.0,4.0,2.193497018437123,15.99609212246333,28.0,5.509842343346878e-06,2.2477658539052325,567.1599731445312
1.0,14015.0,6.0,8.0,16.0,2.0,5.0,2.2493334121423607,15.996282507568884,28.0,4.265622564553599e-05,2.6163114404296626,597.8504028320312
1.0,14015.0,6.0,8.0,16.0,2.0,6.0,2.6074584177944486,15.984343123734904,28.0,5.533654212161123e-05,2.7368902488305604,615.5753173828125
1.0,14015.0,6.0,8.0,16.0,2.0,7.0,2.7346553982427966,15.988563712953775,29.0,0.00012606426221010698,3.7370907879377286,649.328857421875
1.0,14015.0,6.0,8.0,16.0,2.0,8.0,3.7731722001319024,15.931738987158557,30.0,0.00015487989913378196,4.355287360447523,685.8632202148438
1.0,14015.0,6.0,8.0,16.0,2.0,9.0,4.381061003603193,15.892438635185568,30.0,0.00013465588655524517,4.133352043555116,689.92138671875
1.0,14015.0,6.0,8.0,16.0,2.0,10.0,4.047790108551507,15.86731057642585,31.0,0.00012464054658215142,4.284153575552761,712.1166381835938
1.0,14015.0,6.0,8.0,16.0,2.0,11.0,4.304943388227665,15.894878571194992,31.0,0.00012932094654650867,4.33879535496572,737.4754638671875
1.0,14015.0,6.0,8.0,16.0,2.0,12.0,4.447327656641376,15.936903607646883,31.0,0.00016117746966476325,4.7528570966187855,720.4299926757812
1.0,14015.0,6.0,8.0,16.0,2.0,13.0,4.629207625871237,15.839413734508963,31.0,0.0001664183093559988,4.7937305688571685,747.8079223632812
1.0,14015.0,6.0,8.0,16.0,2.0,14.0,4.783761470260756,15.884450374167487,31.0,0.00018882491688964717,5.065959032487282,724.373779296875
1.0,14015.0,6.0,8.0,16.0,2.0,15.0,5.0885410224092995,15.927610467877114,31.0,0.00019240678431727232,5.1188918655325235,714.0159912109375
1.0,14015.0,6.0,8.0,16.0,2.0,16.0,5.183963659855008,15.937048341350785,30.0,0.00018030515243352513,4.642012276808159,690.4435424804688
1.0,14015.0,6.0,8.0,16.0,2.0,17.0,4.803860992947263,16.011975696045006,30.0,0.0001756476309354822,4.611716269579812,647.9838256835938
1.0,14015.0,6.0,8.0,16.0,2.0,18.0,4.591083123732594,15.900651000539002,29.0,0.00026354949611287015,5.186239959716554,622.7764282226562
1.0,14015.0,6.0,8.0,16.0,2.0,19.0,5.2452166378064735,15.90068622338836,29.0,0.00014980240845725504,4.04425443870461,592.9440307617188
1.0,14015.0,6.0,8.0,16.0,2.0,20.0,4.030781825578242,15.840548539819075,29.0,0.0001499584490058749,4.001205085645015,552.5133056640625
1.0,14015.0,6.0,8.0,16.0,2.0,21.0,4.100353885961908,15.894053983402513,29.0,7.820254812225203e-05,3.2610851170733017,513.9249267578125
1.0,14015.0,6.0,8.0,16.0,2.0,22.0,3.2814135451485567,15.84199325591698,29.0,4.9300433995851584e-05,2.937159587499118,500.8807678222656
1.0,14015.0,6.0,8.0,16.0,2.0,0.0,2.1928282558661567,16.0,28.0,0.0,2.1928282558661567,375.37158203125
1.0,14015.0,6.0,8.0,16.0,2.0,1.0,2.1928282558661567,16.0,29.0,1.886741519475143e-06,2.3981117388633395,478.28643798828125
1.0,14015.0,6.0,8.0,16.0,2.0,2.0,2.395465794243104,15.995527356249365,28.0,5.0118340827849105e-06,2.242098645730106,518.2638549804688
1.0,14015.0,6.0,8.0,16.0,2.0,3.0,2.2427196549064394,15.995205752290008,29.0,1.8800608997896254e-05,2.581552378497402,556.94580078125
1.0,14015.0,6.0,8.0,16.0,2.0,4.0,2.5596731650035287,15.979372100896398,28.0,4.5575164821112694e-05,2.641019124128119,579.59375
1.0,14015.0,6.0,8.0,16.0,2.0,5.0,2.6424884434512115,15.982847496922643,28.0,5.5412938495371244e-05,2.736092479666243,601.8948364257812
1.0,14015.0,6.0,8.0,16.0,2.0,6.0,2.7613062092505487,15.993278626121676,28.0,8.705593057169086e-05,3.048141223466702,619.4332275390625
1.0,14015.0,6.0,8.0,16.0,2.0,7.0,3.1003379014548877,15.995226241237642,29.0,8.184619729118109e-05,3.251560558597415,639.9059448242188
1.0,14015.0,6.0,8.0,16.0,2.0,8.0,3.2607111969391633,15.975799649534634,29.0,0.00011704816107231656,3.6313541461538437,663.6580810546875
1.0,14015.0,6.0,8.0,16.0,2.0,9.0,3.5515536615578047,15.926358115470762,30.0,0.00010735625739162716,3.786488582769717,682.56884765625
1.0,14015.0,6.0,8.0,16.0,2.0,10.0,3.7941596717048105,15.953883502879075,31.0,0.000160306469754953,4.716702144724798,708.38037109375
1.0,14015.0,6.0,8.0,16.0,2.0,11.0,4.776907927020861,15.915046420928789,29.0,0.0001647217787352652,4.17032323662442,732.4334716796875
1.0,14015.0,6.0,8.0,16.0,2.0,12.0,4.149631769150304,15.894385200413796,29.0,0.00018798500417570522,4.396127849354466,728.6411743164062
1.0,14015.0,6.0,8.0,16.0,2.0,13.0,4.398745121791338,15.887673588709365,31.0,0.00018914962180335018,5.0892469810042815,724.9569702148438
1.0,14015.0,6.0,8.0,16.0,2.0,14.0,5.030329912702367,15.817549543578433,31.0,0.00018828244505798923,5.062636261849082,738.2717895507812
1.0,14015.0,6.0,8.0,16.0,2.0,15.0,5.148760847415802,15.918134718125673,32.0,0.00022470369806968626,5.8843244114817645,694.2373657226562
1.0,14015.0,6.0,8.0,16.0,2.0,16.0,5.9805122247766995,15.85290563929935,31.0,0.00021113099494322725,5.411601586396727,718.944091796875
1.0,14015.0,6.0,8.0,16.0,2.0,17.0,5.175052866990367,15.777526534718293,30.0,0.00023274775630678426,5.243349076293957,676.9984741210938
1.0,14015.0,6.0,8.0,16.0,2.0,18.0,5.268340445060208,15.861579303018125,30.0,0.00024319937440802464,5.390408532768833,643.8487548828125
1.0,14015.0,6.0,8.0,16.0,2.0,19.0,5.211691511986861,15.774359706282398,30.0,0.00020025197744914637,4.882074575879384,622.9006958007812
1.0,14015.0,6.0,8.0,16.0,2.0,20.0,4.784654618107669,15.8485679430469,29.0,0.00017771522554903827,4.302196354224533,562.4785766601562
1.0,14015.0,6.0,8.0,16.0,2.0,21.0,4.1936613518064005,15.877195932782609,29.0,9.876089358676763e-05,3.460334873956248,520.173583984375
1.0,14015.0,6.0,8.0,16.0,2.0,22.0,3.4582139525889635,15.889836277696144,29.0,7.993570631177827e-05,3.2502218092519093,505.29925537109375
1.0,14015.0,6.0,8.0,16.0,2.0,0.0,2.375563943855003,16.0,29.0,0.0,2.3755639438550027,407.07586669921875
1.0,14015.0,6.0,8.0,16.0,2.0,1.0,2.375563943855003,16.0,29.0,1.7611833289494306e-05,2.5648657634289194,484.1986389160156
1.0,14015.0,6.0,8.0,16.0,2.0,2.0,2.550137393040017,15.992380620725116,29.0,3.0019303181556695e-05,2.6942727960802237,530.2107543945312
1.0,14015.0,6.0,8.0,16.0,2.0,3.0,2.6969869701277873,15.995985990280374,29.0,2.617546836826411e-05,2.6538874650003588,559.0474853515625
1.0,14015.0,6.0,8.0,16.0,2.0,4.0,2.650859089112633,15.994794606958086,29.0,2.5844202374223067e-05,2.649737433871472,581.5932006835938
1.0,14015.0,6.0,8.0,16.0,2.0,5.0,2.6562108060798786,15.99763045080084,29.0,6.182923733476125e-05,3.0370583106759383,609.9104614257812
1.0,14015.0,6.0,8.0,16.0,2.0,6.0,3.046429265592201,15.97992618956652,29.0,8.730726395858793e-05,3.3071874271095685,631.1905517578125
1.0,14015.0,6.0,8.0,16.0,2.0,7.0,3.269936508314829,15.96686013196727,29.0,0.0001272074565823607,3.733763147377186,653.6525268554688
1.0,14015.0,6.0,8.0,16.0,2.0,8.0,3.70929022438011,15.938519395598032,30.0,0.00016149720641618824,4.406993097978866,686.5447998046875
1.0,14015.0,6.0,8.0,16.0,2.0,9.0,4.491135781311788,15.94011755777688,31.0,0.00014233367869152336,4.497064512965153,695.3203735351562
1.0,14015.0,6.0,8.0,16.0,2.0,10.0,4.525699565074694,15.948396099006448,31.0,0.00013381432506027614,4.391674620827455,705.0535278320312
1.0,14015.0,6.0,8.0,16.0,2.0,11.0,4.408780086980102,15.970796102211349,31.0,0.00014611097761406177,4.5440676037279815,708.78564453125
1.0,14015.0,6.0,8.0,16.0,2.0,12.0,4.559907278634999,15.956857770088883,32.0,0.00017954380308687171,5.289280934526121,700.0383911132812
1.0,14015.0,6.0,8.0,16.0,2.0,13.0,5.282497295276468,15.881896315878501,31.0,0.00018111762527698623,4.97865552182586,755.81640625
1.0,14015.0,6.0,8.0,16.0,2.0,14.0,5.084515838897607,15.95258969262748,31.0,0.0002023658264431233,5.2521898219538,718.6940307617188
1.0,14015.0,6.0,8.0,16.0,2.0,15.0,5.217716281607237,15.883749390963152,32.0,0.0002001434005776401,5.548682484146399,711.6425170898438
1.0,14015.0,6.0,8.0,16.0,2.0,16.0,5.617991242881447,15.915463248777067,31.0,0.00018266924486516828,5.023850245405509,708.8696899414062
1.0,14015.0,6.0,8.0,16.0,2.0,17.0,4.891985304034766,15.916681557466848,31.0,0.00019559452014408722,5.1560394937555944,661.6356811523438
1.0,14015.0,6.0,8.0,16.0,2.0,18.0,5.161049022347948,15.917384577842597,31.0,0.00027909710908422837,6.186619394339967,648.111083984375
1.0,14015.0,6.0,8.0,16.0,2.0,19.0,6.224847435718982,15.780680971615041,30.0,0.00015770996425698612,4.503212740269904,634.9631958007812
1.0,14015.0,6.0,8.0,16.0,2.0,20.0,4.406716789528001,15.69500470322392,30.0,0.00018089694364580028,4.700420154164992,584.080810546875
1.0,14015.0,6.0,8.0,16.0,2.0,21.0,4.697981468317397,15.720159946296056,30.0,9.139663997211605e-05,3.6909862911917215,538.7666625976562
1.0,14015.0,6.0,8.0,16.0,2.0,22.0,3.6369466723089348,15.69938460718641,30.0,6.105315401388629e-05,3.3117185527023922,503.0935974121094
1.0,14015.0,6.0,8.0,16.0,2.0,0.0,2.3924208232548105,16.0,29.0,1.6969684274905224e-06,2.39359906375614,407.62335205078125
1.0,14015.0,6.0,8.0,16.0,2.0,1.0,2.3927465249790414,15.999682572089764,29.0,0.0,2.375394398290914,478.6485290527344
1.0,14015.0,6.0,8.0,16.0,2.0,2.0,2.375565042760122,16.00004154666563,29.0,7.368302743483132e-06,2.454268719653707,527.247802734375
1.0,14015.0,6.0,8.0,16.0,2.0,3.0,2.455050171668288,15.999300929895702,29.0,2.3823131485816486e-05,2.628648057996781,558.1957397460938
1.0,14015.0,6.0,8.0,16.0,2.0,4.0,2.6490516786106495,16.0024755186845,29.0,1.9774092347264934e-05,2.586622733741263,578.859130859375
1.0,14015.0,6.0,8.0,16.0,2.0,5.0,2.5862348751402964,15.996247988580956,29.0,5.604866216585542e-05,2.975288638190871,608.2874755859375
1.0,14015.0,6.0,8.0,16.0,2.0,6.0,2.967449937608674,15.982883649834454,29.0,8.571999742463587e-05,3.2867104594242043,630.3095703125
1.0,14015.0,6.0,8.0,16.0,2.0,7.0,3.3437256474232204,15.989381580650447,30.0,0.00011709314698400301,3.908428471164917,656.0945434570312
1.0,14015.0,6.0,8.0,16.0,2.0,8.0,3.9032845045157503,15.951104985568085,30.0,0.00011273197883473622,3.85511653865527,670.480712890625
1.0,14015.0,6.0,8.0,16.0,2.0,9.0,3.8869234784941407,15.962660114990557,31.0,0.0001407356213898942,4.483845042108009,696.0648193359375
1.0,14015.0,6.0,8.0,16.0,2.0,10.0,4.4359870908205545,15.899951656665907,31.0,0.00013594277558896573,4.4169726457083955,712.3851928710938
1.0,14015.0,6.0,8.0,16.0,2.0,11.0,4.430065971341164,15.934317660581865,31.0,0.0001592697662558882,4.698339233217816,701.912353515625
1.0,14015.0,6.0,8.0,16.0,2.0,12.0,4.807131921823637,15.960088711679317,32.0,0.00018128125657878634,5.311161598618072,709.6749267578125
1.0,14015.0,6.0,8.0,16.0,2.0,13.0,5.367720222015765,15.901149133009374,31.0,0.00017664111880497893,4.931504701895353,760.0945434570312
1.0,14015.0,6.0,8.0,16.0,2.0,14.0,4.981450719092352,15.946993823723174,31.0,0.00017856073732592514,4.966621415811393,727.0795288085938
1.0,14015.0,6.0,8.0,16.0,2.0,15.0,4.861517204223058,15.86451367974653,31.0,0.0002149610174559579,5.391537095818584,702.121826171875
1.0,14015.0,6.0,8.0,16.0,2.0,16.0,5.309729059160925,15.856271586001894,31.0,0.00022520288439380255,5.5190224464866375,698.2305908203125
1.0,14015.0,6.0,8.0,16.0,2.0,17.0,5.48242478174961,15.884578193832178,31.0,0.00025370893596413286,5.87273979145963,673.8400268554688
1.0,14015.0,6.0,8.0,16.0,2.0,18.0,5.836832892885214,15.851643838415603,30.0,0.00022654663646793768,5.200545310091331,662.1790161132812
1.0,14015.0,6.0,8.0,16.0,2.0,19.0,5.2133174378380644,15.878546673840646,30.0,0.00017482904696683633,4.603559906982235,612.6373901367188
1.0,14015.0,6.0,8.0,16.0,2.0,20.0,4.567947168680757,15.887918346811265,30.0,0.00015576397921628486,4.3785651566298665,565.471923828125
1.0,14015.0,6.0,8.0,16.0,2.0,21.0,4.285813625328415,15.854653223788977,30.0,9.531383881711225e-05,3.6819273231541128,526.240478515625
1.0,14015.0,6.0,8.0,16.0,2.0,22.0,3.6355878646442465,15.860837342557687,30.0,8.816314074937891e-05,3.5863559332946804,499.0550842285156
1.0,14015.0,6.0,8.0,16.0,2.0,0.0,2.558299631843849,16.0,30.0,0.0,2.5582996318438505,441.7568359375
1.0,14015.0,6.0,8.0,16.0,2.0,1.0,2.558299631843851,16.0,29.0,0.0,2.3750897091082934,479.40789794921875
1.0,14015.0,6.0,8.0,16.0,2.0,2.0,2.375860020075833,15.998394500904002,29.0,0.0,2.3758401481752314,525.8297729492188
1.0,14015.0,6.0,8.0,16.0,2.0,3.0,2.375828308111711,15.998452178492428,29.0,0.0,2.3758213535212698,552.05224609375
1.0,14015.0,6.0,8.0,16.0,2.0,4.0,2.375814736411144,15.998531705257863,29.0,3.100389655080787e-05,2.7096557197244016,581.6793212890625
1.0,14015.0,6.0,8.0,16.0,2.0,5.0,2.694700847737096,15.985592040476583,29.0,6.878386359180044e-05,3.110959706530635,613.474853515625
1.0,14015.0,6.0,8.0,16.0,2.0,6.0,3.107144917884522,15.975827354393617,29.0,5.929619453430261e-05,3.0060909254010406,623.58349609375
1.0,14015.0,6.0,8.0,16.0,2.0,7.0,3.05776384849082,15.990138788218475,30.0,6.72063123750744e-05,3.3343271301720865,643.6491088867188
1.0,14015.0,6.0,8.0,16.0,2.0,8.0,3.328239181413934,15.973348801281414,30.0,9.89500680680187e-05,3.69698741571652,666.4177856445312
1.0,14015.0,6.0,8.0,16.0,2.0,9.0,3.722857538414945,15.960216275513258,31.0,0.00010152609030254737,3.9910017314242308,679.969482421875
1.0,14015.0,6.0,8.0,16.0,2.0,10.0,4.003311263484423,15.96023164620841,32.0,0.00013435373957962124,4.70549233300101,709.647216796875
1.0,14015.0,6.0,8.0,16.0,2.0,11.0,4.591102891463833,15.859286974587738,32.0,0.00016702779626875328,5.122278968519303,710.15625
1.0,14015.0,6.0,8.0,16.0,2.0,12.0,5.026019335160094,15.841161024743492,32.0,0.0001853465818169382,5.341742368749209,733.880126953125
1.0,14015.0,6.0,8.0,16.0,2.0,13.0,5.465077438580017,15.947796099170299,32.0,0.0001781647849737983,5.280645298719069,761.0255737304688
1.0,14015.0,6.0,8.0,16.0,2.0,14.0,5.294853902274028,15.928356825713639,32.0,0.00020321213153647055,5.610205400467829,719.7203979492188
1.0,14015.0,6.0,8.0,16.0,2.0,15.0,5.497832412642792,15.843597496667265,32.0,0.0002267180712325016,5.8964939697842,710.515380859375
1.0,14015.0,6.0,8.0,16.0,2.0,16.0,5.9009691981577435,15.864135882719541,31.0,0.0002030180333222915,5.265579309814833,718.0783081054688
1.0,14015.0,6.0,8.0,16.0,2.0,17.0,5.34369963552815,15.922117235088209,31.0,0.00024628225354526926,5.792215770693708,667.5905151367188
1.0,14015.0,6.0,8.0,16.0,2.0,18.0,5.743882102583034,15.857823413680347,31.0,0.00023665809450390185,5.6723267726877,659.644287109375
1.0,14015.0,6.0,8.0,16.0,2.0,19.0,5.697104157822611,15.88891776901695,30.0,0.00016858927156507798,4.5513813538416965,622.3076782226562
1.0,14015.0,6.0,8.0,16.0,2.0,20.0,4.631749915360417,15.900197959701744,30.0,0.0001565725773245787,4.405897028040198,565.4701538085938
1.0,14015.0,6.0,8.0,16.0,2.0,21.0,4.391446730914598,15.829942024678708,30.0,9.954740967410234e-05,3.7395069319631573,530.1669311523438
1.0,14015.0,6.0,8.0,16.0,2.0,22.0,3.729902550366371,15.842714348081056,30.0,8.912529215561841e-05,3.6113414005387594,501.4375
1.0,14015.0,6.0,8.0,16.0,2.0,0.0,2.375563943855003,16.0,29.0,0.0,2.3755639438550027,407.07586669921875
1.0,14015.0,6.0,8.0,16.0,2.0,1.0,2.375563943855003,16.0,29.0,0.0,2.3755639438550027,478.5174255371094
1.0,14015.0,6.0,8.0,16.0,2.0,2.0,2.375563943855003,16.0,29.0,0.0,2.3755639438550027,525.6500854492188
1.0,14015.0,6.0,8.0,16.0,2.0,3.0,2.375563943855003,16.0,29.0,7.3342952493996025e-06,2.453952922146355,553.8618774414062
1.0,14015.0,6.0,8.0,16.0,2.0,4.0,2.4536144537645135,15.998965112993407,29.0,2.287205052602837e-05,2.6202095635044116,579.7317504882812
1.0,14015.0,6.0,8.0,16.0,2.0,5.0,2.6027277205662287,15.992481332239025,29.0,7.719093114943615e-05,3.203026908007812,614.7760009765625
1.0,14015.0,6.0,8.0,16.0,2.0,6.0,3.1995223747740784,15.970921008276509,29.0,0.00012633310364022892,3.7228188751921256,639.2180786132812
1.0,14015.0,6.0,8.0,16.0,2.0,7.0,3.779570961831009,15.969784418345142,30.0,0.0002165464557797457,5.082757785720873,685.3565673828125
1.0,14015.0,6.0,8.0,16.0,2.0,8.0,5.006981856692959,15.783033409528745,31.0,0.00023077623183900074,5.590589619596319,722.9876708984375
1.0,14015.0,6.0,8.0,16.0,2.0,9.0,5.671243103254335,15.859549779567063,31.0,0.0002072723303832445,5.331126445625387,698.2293701171875
1.0,14015.0,6.0,8.0,16.0,2.0,10.0,5.407284057552743,15.898112151673397,31.0,0.00019486406156687624,5.187368451169071,707.08154296875
1.0,14015.0,6.0,8.0,16.0,2.0,11.0,5.06837324794237,15.846913982162965,31.0,0.00022019319163987163,5.465881597878287,715.7513427734375
1.0,14015.0,6.0,8.0,16.0,2.0,12.0,5.5055468173060955,15.861814603829147,32.0,0.0002407328020437247,6.09115512069562,712.408447265625
1.0,14015.0,6.0,8.0,16.0,2.0,13.0,6.110810001424196,15.910395398359725,32.0,0.0002714899726374338,6.526715946911779,705.5819091796875
1.0,14015.0,6.0,8.0,16.0,2.0,14.0,6.478335810587116,15.794688534361994,32.0,0.0002837845735861362,6.668952256080953,715.5451049804688
1.0,14015.0,6.0,8.0,16.0,2.0,15.0,6.680409008851339,15.845254692291624,32.0,0.00029701660781229284,6.872303414996418,704.65771484375
1.0,14015.0,6.0,8.0,16.0,2.0,16.0,6.683157653208046,15.714663077589895,31.0,0.00027391485137437973,6.1518986051822555,732.401611328125
1.0,14015.0,6.0,8.0,16.0,2.0,17.0,6.021509292692907,15.870653399915792,31.0,0.00028572749353197006,6.262257604163827,677.923828125
1.0,14015.0,6.0,8.0,16.0,2.0,18.0,6.3957092516705245,15.89017550921172,30.0,0.00039577022096892386,7.115334924750831,621.3140258789062
1.0,14015.0,6.0,8.0,16.0,2.0,19.0,7.1022569129643145,15.762126355278934,30.0,0.00024803010356401,5.536706208331749,634.5069580078125
1.0,14015.0,6.0,8.0,16.0,2.0,20.0,5.598404577701693,15.823249868489484,30.0,0.000265321934628264,5.700844678896718,589.3465576171875
1.0,14015.0,6.0,8.0,16.0,2.0,21.0,5.483491826071231,15.669971261971053,30.0,0.00011817931649594243,4.0214298087355544,555.3707275390625
1.0,14015.0,6.0,8.0,16.0,2.0,22.0,3.941447015328688,15.673264361042907,30.0,9.453197481513459e-05,3.709021598998887,516.0638427734375
1.0,14015.0,6.0,8.0,16.0,2.0,0.0,2.775970860694464,16.0,29.0,3.363105501847745e-05,2.7319470332943085,418.3620300292969
1.0,14015.0,6.0,8.0,16.0,2.0,1.0,2.721814113209099,15.997921684809196,29.0,2.1157822934760217e-05,2.5992584571299986,487.4420166015625
1.0,14015.0,6.0,8.0,16.0,2.0,2.0,2.5888665362775583,15.997492292186584,29.0,3.0501637410475552e-05,2.6989578502953653,529.2907104492188
1.0,14015.0,6.0,8.0,16.0,2.0,3.0,2.700153310417736,16.000683748905907,29.0,8.2446055897152e-06,2.4634334188995757,552.8417358398438
1.0,14015.0,6.0,8.0,16.0,2.0,4.0,2.4643102788599025,15.995170583605407,29.0,4.0949223946377715e-05,2.8136206993877373,584.8649291992188
1.0,14015.0,6.0,8.0,16.0,2.0,5.0,2.8344884973800375,15.9948556647364,29.0,9.861104421965484e-05,3.4364433154818452,620.2789916992188
1.0,14015.0,6.0,8.0,16.0,2.0,6.0,3.416579572549581,15.949076482379018,29.0,0.0001238250535341223,3.694826626466446,641.8720092773438
1.0,14015.0,6.0,8.0,16.0,2.0,7.0,3.709140340906265,15.963832326839912,30.0,0.0001479662844861663,4.2588402241837695,666.0848999023438
1.0,14015.0,6.0,8.0,16.0,2.0,8.0,4.34045911663079,15.96072573341311,30.0,0.00013680400726402678,4.142405215892035,673.9392700195312
1.0,14015.0,6.0,8.0,16.0,2.0,9.0,4.171153994630916,15.940757576104563,31.0,0.0001574602339248858,4.6824352811990435,702.6544189453125
1.0,14015.0,6.0,8.0,16.0,2.0,10.0,4.70238574108439,15.944493299394987,32.0,0.00023828452532817407,6.073018491699747,736.8838500976562
1.0,14015.0,6.0,8.0,16.0,2.0,11.0,6.138320845743535,15.827055453771687,31.0,0.0002693073221134345,6.101444274929752,716.375732421875
1.0,14015.0,6.0,8.0,16.0,2.0,12.0,6.067937178359073,15.837528213797382,31.0,0.00027454758645453146,6.162954583316526,726.5961303710938
1.0,14015.0,6.0,8.0,16.0,2.0,13.0,6.149025652293293,15.807634066305514,32.0,0.00027741681770138837,6.588662864538622,716.2216186523438
1.0,14015.0,6.0,8.0,16.0,2.0,14.0,6.538080469099938,15.83767183075912,32.0,0.0002726302594068325,6.546319574914538,716.0186767578125
1.0,14015.0,6.0,8.0,16.0,2.0,15.0,6.4830554644006515,15.81458751509741,32.0,0.0003393032007261979,7.392356648901938,683.6318969726562
1.0,14015.0,6.0,8.0,16.0,2.0,16.0,7.374886156890327,15.770961181042175,32.0,0.00033524954410429664,7.401979519136961,685.8882446289062
1.0,14015.0,6.0,8.0,16.0,2.0,17.0,7.092327737151944,15.668545076416976,31.0,0.00037300351953946533,7.356211004049711,677.1627197265625
1.0,14015.0,6.0,8.0,16.0,2.0,18.0,7.2745865355659705,15.772758812869167,30.0,0.0003297450746335593,6.430850174549352,647.8306884765625
1.0,14015.0,6.0,8.0,16.0,2.0,19.0,6.434304513884632,15.844153292597216,30.0,0.0002826189203850461,5.875662666760506,620.1300048828125
1.0,14015.0,6.0,8.0,16.0,2.0,20.0,5.850269443374271,15.83266548290677,30.0,0.0002567582560062336,5.558589608270987,587.7128295898438
1.0,14015.0,6.0,8.0,16.0,2.0,21.0,5.501673472769865,15.845912927605264,30.0,0.000177430473160958,4.661895764460201,550.7507934570312
1.0,14015.0,6.0,8.0,16.0,2.0,22.0,4.607044092986859,15.808939342076167,30.0,0.00013694602612559104,4.162372069423003,519.4020385742188
1.0,14015.0,6.0,8.0,16.0,2.0,0.0,2.558299631843849,16.0,30.0,0.0,2.5582996318438505,441.7568359375
1.0,14015.0,6.0,8.0,16.0,2.0,1.0,2.558299631843851,16.0,30.0,8.271887293101615e-06,2.6534701028993277,504.2427673339844
1.0,14015.0,6.0,8.0,16.0,2.0,2.0,2.652037816719266,15.998976515800264,29.0,2.811219431954184e-06,2.405224490806076,523.6935424804688
1.0,14015.0,6.0,8.0,16.0,2.0,3.0,2.4072637599273055,15.996451435699198,29.0,0.0,2.376139222272335,552.2069091796875
1.0,14015.0,6.0,8.0,16.0,2.0,4.0,2.376223074030447,15.996163514918234,29.0,5.490953480517349e-06,2.434720508621775,575.4107055664062
1.0,14015.0,6.0,8.0,16.0,2.0,5.0,2.438224914728231,15.996851570618345,29.0,4.103184796097914e-05,2.8163511731605735,604.6640625
1.0,14015.0,6.0,8.0,16.0,2.0,6.0,2.8211579343707642,15.985829836123829,29.0,5.56877321768587e-05,2.970923103692328,624.0105590820312
1.0,14015.0,6.0,8.0,16.0,2.0,7.0,2.94879137696082,15.97598360595392,30.0,0.00012675309549191736,4.038407317554227,661.708984375
1.0,14015.0,6.0,8.0,16.0,2.0,8.0,3.943639874385004,15.875119695676064,30.0,0.000152862200070773,4.326971406675623,691.8760986328125
1.0,14015.0,6.0,8.0,16.0,2.0,9.0,4.295749223944569,15.867626538124638,31.0,0.0001336854643065365,4.392331798021458,704.723876953125
1.0,14015.0,6.0,8.0,16.0,2.0,10.0,4.399979592230413,15.91125650242521,32.0,0.00012566319498009,4.583914432483761,713.7444458007812
1.0,14015.0,6.0,8.0,16.0,2.0,11.0,4.605052489672622,15.912040393247906,32.0,0.00013191596934308502,4.659743353408023,734.5595703125
1.0,14015.0,6.0,8.0,16.0,2.0,12.0,4.741346790134307,15.946311052194009,32.0,0.0001567401686513784,4.9816751091290286,730.2242431640625
1.0,14015.0,6.0,8.0,16.0,2.0,13.0,5.1487875611528064,15.969431756295172,32.0,0.00015971952441756144,5.0410192357795225,750.3873291015625
1.0,14015.0,6.0,8.0,16.0,2.0,14.0,5.019917422401477,15.928525523518445,32.0,0.00018728673915255022,5.386349841096745,720.1915893554688
1.0,14015.0,6.0,8.0,16.0,2.0,15.0,5.4553399613364775,15.916312779330898,32.0,0.00018941539476524059,5.4246642007865535,719.31689453125
1.0,14015.0,6.0,8.0,16.0,2.0,16.0,5.385076251659885,15.90916238706994,31.0,0.00018575387932297406,5.036245224547615,701.0108032226562
1.0,14015.0,6.0,8.0,16.0,2.0,17.0,5.086263802630798,15.973171807504414,31.0,0.0001788893337485454,4.963472338040309,663.5415649414062
1.0,14015.0,6.0,8.0,16.0,2.0,18.0,5.0228238722021885,15.914238579951038,30.0,0.00025700460524209713,5.5216020344224965,637.220458984375
1.0,14015.0,6.0,8.0,16.0,2.0,19.0,5.463813956253801,15.854278793925252,30.0,0.0001518632512180856,4.353188100922579,618.8160400390625
1.0,14015.0,6.0,8.0,16.0,2.0,20.0,4.366548315780126,15.871401551345135,30.0,0.00014965924010188248,4.302845381660251,563.9696044921875
1.0,14015.0,6.0,8.0,16.0,2.0,21.0,4.399078077511738,15.900913814683388,30.0,7.934629736216114e-05,3.520990681494294,519.2658081054688
1.0,14015.0,6.0,8.0,16.0,2.0,22.0,3.449291367810826,15.831263470854905,30.0,5.076786911610595e-05,3.169344266034764,490.32330322265625
1.0,14015.0,6.0,8.0,16.0,2.0,0.0,2.558299631843849,16.0,30.0,0.0,2.5582996318438505,441.7568359375
1.0,14015.0,6.0,8.0,16.0,2.0,1.0,2.558299631843851,16.0,29.0,1.9315610714208472e-06,2.3955948206639457,480.02154541015625
1.0,14015.0,6.0,8.0,16.0,2.0,2.0,2.3950771233970873,15.998471298265828,29.0,4.936372387814363e-06,2.428212458697865,526.80078125
1.0,14015.0,6.0,8.0,16.0,2.0,3.0,2.4255489240822055,15.998811995524505,30.0,1.9400188168232034e-05,2.78548253979265,565.2335205078125
1.0,14015.0,6.0,8.0,16.0,2.0,4.0,2.7728152568870117,15.986520811304516,29.0,4.599056371594296e-05,2.8634051334543504,588.2796630859375
1.0,14015.0,6.0,8.0,16.0,2.0,5.0,2.8852964826446743,15.997779028839123,29.0,5.624410169199531e-05,2.9743953047126945,608.69482421875
1.0,14015.0,6.0,8.0,16.0,2.0,6.0,3.0088751789445243,15.997387602705532,29.0,8.378425581803463e-05,3.2662168964857443,628.2100219726562
1.0,14015.0,6.0,8.0,16.0,2.0,7.0,3.3259662242981904,16.002552038505087,30.0,8.188860573225038e-05,3.503769913345709,644.9842529296875
1.0,14015.0,6.0,8.0,16.0,2.0,8.0,3.49075080551195,15.968054678967198,25.0,0.00011667135889206754,2.5310974124301335,611.2551879882812
1.0,14015.0,6.0,8.0,16.0,2.0,9.0,2.543540106745397,15.929735827605258,25.0,0.00010801739294912783,2.459346519367241,641.216064453125
1.0,14015.0,6.0,8.0,16.0,2.0,10.0,2.4498172765359967,15.91888623026457,25.0,0.00016360172709674396,2.864005647917564,649.4161376953125
1.0,14015.0,6.0,8.0,16.0,2.0,11.0,3.0419826078940786,15.954784440668927,25.0,0.00017124832865372444,2.935166850060475,664.1972045898438
1.0,14015.0,6.0,8.0,16.0,2.0,12.0,2.9691709508042154,15.92052594230088,27.0,0.00018786513382953294,3.733744600428608,677.2711791992188
1.0,14015.0,6.0,8.0,16.0,2.0,13.0,3.7645141963572746,15.888017840880027,27.0,0.00018688731305255401,3.7299790530278836,694.8715209960938
1.0,14015.0,6.0,8.0,16.0,2.0,14.0,3.7431333416618795,15.872360406175632,28.0,0.0001961541942022309,4.151860433802311,673.9473266601562
1.0,14015.0,6.0,8.0,16.0,2.0,15.0,4.117820767896771,15.863519569956058,28.0,0.0002189083703068074,4.375705935406153,669.868896484375
1.0,14015.0,6.0,8.0,16.0,2.0,16.0,4.389800948999972,15.86407517538771,29.0,0.000221988021423795,4.762770772705008,666.2935180664062
1.0,14015.0,6.0,8.0,16.0,2.0,17.0,4.835960290274939,15.888116059720513,29.0,0.00023228569742086622,4.890815961181826,648.90234375
1.0,14015.0,6.0,8.0,16.0,2.0,18.0,4.842019136937837,15.846749711730324,29.0,0.00024735157661184994,5.025889151378626,630.2103271484375
1.0,14015.0,6.0,8.0,16.0,2.0,19.0,5.140894014179675,15.918525956616243,29.0,0.00020299565429186367,4.570590453695361,594.0285034179688
1.0,14015.0,6.0,8.0,16.0,2.0,20.0,4.798841589761789,15.97295466703717,25.0,0.00017505749953948617,3.0786221142534242,534.2963256835938
1.0,14015.0,6.0,8.0,16.0,2.0,21.0,2.9003350327066055,15.699085818660079,25.0,9.707314451601885e-05,2.420868123486935,535.6660766601562
1.0,14015.0,6.0,8.0,16.0,2.0,22.0,2.4329397015301795,15.736238955552375,25.0,7.624763306346128e-05,2.26526694421355,512.498046875
1.0,14015.0,6.0,8.0,16.0,2.0,0.0,1.8273568798884636,16.0,26.0,0.0,1.8273568798884663,331.6581115722656
1.0,14015.0,6.0,8.0,16.0,2.0,1.0,1.8273568798884658,16.0,26.0,1.6987182260897086e-06,1.841256994326123,377.8827209472656
1.0,14015.0,6.0,8.0,16.0,2.0,2.0,1.8417597685673155,16.00016689591416,27.0,2.652184907998474e-05,2.256055676705301,485.4518127441406
1.0,14015.0,6.0,8.0,16.0,2.0,3.0,2.249124592465635,15.98106430119342,27.0,1.1078160098479226e-05,2.1125765858623597,541.5931396484375
1.0,14015.0,6.0,8.0,16.0,2.0,4.0,2.106249421088148,15.979889362193271,27.0,2.6798091597548492e-05,2.2535740511715048,564.7570190429688
1.0,14015.0,6.0,8.0,16.0,2.0,5.0,2.2503255472452754,15.98431420049808,27.0,6.378619355214904e-05,2.5912937182793145,592.9505615234375
1.0,14015.0,6.0,8.0,16.0,2.0,6.0,2.5838552887300272,15.966453869829804,26.0,7.359303802470403e-05,2.4343639365734937,605.3128662109375
1.0,14015.0,6.0,8.0,16.0,2.0,7.0,2.4302837434678612,15.967899206468047,26.0,6.921927856725877e-05,2.396233158008473,621.1158447265625
1.0,14015.0,6.0,8.0,16.0,2.0,8.0,2.4073510908735694,15.97703983386398,26.0,0.00010054883760585516,2.6531230369799763,638.2474365234375
1.0,14015.0,6.0,8.0,16.0,2.0,9.0,2.6853506380631273,15.980027840269177,26.0,0.00011928404382062878,2.8122918734017777,635.4558715820312
1.0,14015.0,6.0,8.0,16.0,2.0,10.0,2.788403690048004,15.953426526793242,25.0,0.00012677860645533498,2.581644152120184,657.9625854492188
1.0,14015.0,6.0,8.0,16.0,2.0,11.0,2.663490674942533,15.975326619053803,26.0,0.0001622951286652281,3.176235937768208,657.2079467773438
1.0,14015.0,6.0,8.0,16.0,2.0,12.0,3.106149066845543,15.897499922595141,26.0,0.00019064426735900653,3.3956451522764106,676.396484375
1.0,14015.0,6.0,8.0,16.0,2.0,13.0,3.352347756699748,15.917929543381048,26.0,0.000207631729880067,3.532229104013192,657.6803588867188
1.0,14015.0,6.0,8.0,16.0,2.0,14.0,3.5800175937519465,15.949659998640197,26.0,0.00021585792765126195,3.6134530469085373,640.5034790039062
1.0,14015.0,6.0,8.0,16.0,2.0,15.0,3.5662212619212337,15.918778114565438,26.0,0.0002272845668118148,3.690592925788527,631.26025390625
1.0,14015.0,6.0,8.0,16.0,2.0,16.0,3.734331641017614,15.957134245415226,26.0,0.00021780338538684397,3.6282624115036666,617.4281005859375
1.0,14015.0,6.0,8.0,16.0,2.0,17.0,3.583884329769804,15.936973177000555,27.0,0.0002500921688092165,4.271187695169911,610.9425659179688
1.0,14015.0,6.0,8.0,16.0,2.0,18.0,4.255310131619659,15.888202857224842,27.0,0.00023815196196638042,4.169539838186835,585.980712890625
1.0,14015.0,6.0,8.0,16.0,2.0,19.0,4.154380772726078,15.948875543102039,27.0,0.00019228551180410842,3.771683006750652,549.2293701171875
1.0,14015.0,6.0,8.0,16.0,2.0,20.0,3.7227740713505297,15.9338337505549,27.0,0.0001656964286422473,3.5134301305774622,536.6742553710938
1.0,14015.0,6.0,8.0,16.0,2.0,21.0,3.553653248932234,15.966570843300891,27.0,0.00011374731220538503,3.0520307723069364,529.8942260742188
1.0,14015.0,6.0,8.0,16.0,2.0,22.0,3.096392309929985,15.973979652814092,27.0,6.663322997317003e-05,2.6346709707922176,506.9097900390625
1.0,14015.0,6.0,8.0,16.0,2.0,0.0,2.0246871813547407,16.0,27.0,1.6881184726476072e-06,2.025217675590212,349.2891845703125
1.0,14015.0,6.0,8.0,16.0,2.0,1.0,2.0252420956948822,16.000034157282,27.0,0.0,2.0099988347901387,407.3020935058594
1.0,14015.0,6.0,8.0,16.0,2.0,2.0,2.010093723393097,16.00004615910957,27.0,7.47858261218194e-06,2.0778493026749594,480.9403381347656
1.0,14015.0,6.0,8.0,16.0,2.0,3.0,2.075528856014326,15.998497487674117,27.0,2.429936629525547e-05,2.2294813227631187,541.734375
1.0,14015.0,6.0,8.0,16.0,2.0,4.0,2.2282631723550397,15.996150222653386,27.0,1.9321259487295844e-05,2.183777076586353,561.5663452148438
1.0,14015.0,6.0,8.0,16.0,2.0,5.0,2.176688125057502,15.995692149165183,27.0,5.520765953719054e-05,2.508058844112998,589.3933715820312
1.0,14015.0,6.0,8.0,16.0,2.0,6.0,2.5291094864870245,15.996343569247498,28.0,8.706732974394404e-05,3.054177899461486,621.2440185546875
1.0,14015.0,6.0,8.0,16.0,2.0,7.0,3.0966209841884327,15.979675097023458,25.0,0.00011567909830025878,2.5167303493817,611.5296630859375
1.0,14015.0,6.0,8.0,16.0,2.0,8.0,2.539548170037007,15.95243586711551,25.0,0.00010922701029808818,2.462050060197415,624.6140747070312
1.0,14015.0,6.0,8.0,16.0,2.0,9.0,2.4725272685760347,15.944361545150272,26.0,0.00014239665765210108,3.005862108771021,652.1859741210938
1.0,14015.0,6.0,8.0,16.0,2.0,10.0,3.0576519736346395,15.939524854178085,26.0,0.00013375828105450857,2.9375199509741914,667.4906616210938
1.0,14015.0,6.0,8.0,16.0,2.0,11.0,2.968943235017188,15.945938278121886,25.0,0.00016301811970190918,2.869791748324833,664.0830688476562
1.0,14015.0,6.0,8.0,16.0,2.0,12.0,2.7695279597497553,15.90271573976249,25.0,0.00017508425718138065,2.940699167646818,658.5932006835938
1.0,14015.0,6.0,8.0,16.0,2.0,13.0,2.9475738526466237,15.94542966275433,25.0,0.00017198177858495763,2.9309555649052426,646.7434692382812
1.0,14015.0,6.0,8.0,16.0,2.0,14.0,2.9027277794171877,15.917086999015655,25.0,0.0001776023860184279,2.9654272668320285,628.1000366210938
1.0,14015.0,6.0,8.0,16.0,2.0,15.0,2.9377092212960125,15.923791669439362,26.0,0.00021906599150373678,3.6425116013068646,620.6596069335938
1.0,14015.0,6.0,8.0,16.0,2.0,16.0,3.5956433984720184,15.869994287739608,26.0,0.000217953283290633,3.6250686033467274,625.6824951171875
1.0,14015.0,6.0,8.0,16.0,2.0,17.0,3.666879095131504,15.931777740064836,27.0,0.0002599675038638393,4.368242103668618,611.5361938476562
1.0,14015.0,6.0,8.0,16.0,2.0,18.0,4.456951907730154,15.907670290314234,27.0,0.0002315447594460548,4.1447028798698895,583.9946899414062
1.0,14015.0,6.0,8.0,16.0,2.0,19.0,4.14011867720354,15.868364869601331,27.0,0.00017824934449404755,3.6520771262779856,555.5218505859375
1.0,14015.0,6.0,8.0,16.0,2.0,20.0,3.6858802791485994,15.893051678456061,27.0,0.00016007609645464434,3.48032821230542,538.7881469726562
1.0,14015.0,6.0,8.0,16.0,2.0,21.0,3.5065099277577003,15.900995632720205,27.0,9.56591266077546e-05,2.903264580487579,530.9859008789062
1.0,14015.0,6.0,8.0,16.0,2.0,22.0,2.883670552912236,15.898063422149333,27.0,8.891650980126633e-05,2.8326383621237423,512.4664306640625
1.0,14015.0,6.0,8.0,16.0,2.0,0.0,2.0100925678773103,16.0,27.0,0.0,2.010092567877317,349.0731201171875
1.0,14015.0,6.0,8.0,16.0,2.0,1.0,2.010092567877316,15.999999999999998,27.0,0.0,2.0100925678773165,407.2457580566406
1.0,14015.0,6.0,8.0,16.0,2.0,2.0,2.010092567877316,15.999999999999998,27.0,0.0,2.0100925678773165,478.90960693359375
1.0,14015.0,6.0,8.0,16.0,2.0,3.0,2.010092567877316,15.999999999999998,27.0,0.0,2.0100925678773165,536.4743041992188
1.0,14015.0,6.0,8.0,16.0,2.0,4.0,2.010092567877316,15.999999999999998,27.0,3.147536659866707e-05,2.2970802846105,563.037109375
1.0,14015.0,6.0,8.0,16.0,2.0,5.0,2.2812754608305883,15.987105206491853,27.0,6.793303406137215e-05,2.622937812610105,593.4122314453125
1.0,14015.0,6.0,8.0,16.0,2.0,6.0,2.636222377825651,15.9869110436853,27.0,6.117411580005481e-05,2.565355707877182,608.2216186523438
1.0,14015.0,6.0,8.0,16.0,2.0,7.0,2.5183249315861347,15.97146015049726,27.0,6.81289118415244e-05,2.6237209068158474,627.6014404296875
1.0,14015.0,6.0,8.0,16.0,2.0,8.0,2.6095844364553846,15.977459033542063,27.0,0.00010048212868180816,2.9215248797910665,644.6126098632812
1.0,14015.0,6.0,8.0,16.0,2.0,9.0,2.854679800116399,15.947848365946461,27.0,0.00010108188715373397,2.91900478703751,653.2269897460938
1.0,14015.0,6.0,8.0,16.0,2.0,10.0,2.8883812986492465,15.970307860121922,27.0,0.00013062609403863358,3.1915499459647387,649.99462890625
1.0,14015.0,6.0,8.0,16.0,2.0,11.0,3.154856493206579,15.951739651848555,27.0,0.00016428824650312513,3.489289756500969,682.1888427734375
1.0,14015.0,6.0,8.0,16.0,2.0,12.0,3.532031480599103,15.959912346761339,27.0,0.00017813480437001364,3.6150006157020367,696.4567260742188
1.0,14015.0,6.0,8.0,16.0,2.0,13.0,3.6658027813821037,15.982195007644057,27.0,0.00018237730395611828,3.665097720060173,682.2335815429688
1.0,14015.0,6.0,8.0,16.0,2.0,14.0,3.6689765959879597,15.942026410927358,26.0,0.00019586233496517616,3.4365960343533026,649.7216186523438
1.0,14015.0,6.0,8.0,16.0,2.0,15.0,3.4820100184592353,15.976075275633768,26.0,0.00022102067796285707,3.6450563475081377,623.2288208007812
1.0,14015.0,6.0,8.0,16.0,2.0,16.0,3.6526388278474187,15.956279158850057,27.0,0.00021115386633977176,3.918033719871824,628.2034301757812
1.0,14015.0,6.0,8.0,16.0,2.0,17.0,3.9543747336438644,15.934377537867302,27.0,0.00024857938762414005,4.263266135228468,613.9633178710938
1.0,14015.0,6.0,8.0,16.0,2.0,18.0,4.175370285230142,15.87901800944414,27.0,0.00024017581458795942,4.17515932720533,586.561279296875
1.0,14015.0,6.0,8.0,16.0,2.0,19.0,4.13631452672728,15.950411391102122,27.0,0.00016797749027757048,3.5489389892682057,547.0928344726562
1.0,14015.0,6.0,8.0,16.0,2.0,20.0,3.5581737293681552,15.94891467680602,27.0,0.00015912168037674745,3.464720662848007,533.7965698242188
1.0,14015.0,6.0,8.0,16.0,2.0,21.0,3.398333090891969,15.909631990071912,27.0,0.00010009309435568438,2.9264341148393678,530.7623901367188
1.0,14015.0,6.0,8.0,16.0,2.0,22.0,2.9437592192657625,15.93249340823758,27.0,8.92289871848453e-05,2.831047059219977,511.27166748046875
1.0,14015.0,6.0,8.0,16.0,2.0,0.0,2.1928282558661567,16.0,28.0,0.0,2.1928282558661567,375.37158203125
1.0,14015.0,6.0,8.0,16.0,2.0,1.0,2.1928282558661567,16.0,28.0,0.0,2.1928282558661567,441.52349853515625
1.0,14015.0,6.0,8.0,16.0,2.0,2.0,2.1928282558661567,16.0,28.0,0.0,2.1928282558661567,518.8816528320312
1.0,14015.0,6.0,8.0,16.0,2.0,3.0,2.1928282558661567,16.0,28.0,1.931699401420608e-06,2.2118404524850446,544.6499633789062
1.0,14015.0,6.0,8.0,16.0,2.0,4.0,2.21289857225593,15.999990161078031,28.0,2.258141668399114e-05,2.4154500235869807,570.6932983398438
1.0,14015.0,6.0,8.0,16.0,2.0,5.0,2.4315584901735665,15.998465311360473,27.0,8.02786477347208e-05,2.737341085899528,595.0269165039062
1.0,14015.0,6.0,8.0,16.0,2.0,6.0,2.691154796090911,15.971085147318671,26.0,0.000117433491981543,2.7883822635220556,612.2747192382812
1.0,14015.0,6.0,8.0,16.0,2.0,7.0,2.7426095019473147,15.97062425392126,27.0,0.0001343639673581504,3.2254218559466254,637.0970458984375
1.0,14015.0,6.0,8.0,16.0,2.0,8.0,3.1771259120353528,15.94471751574154,27.0,0.00012169057001086632,3.106036624517615,647.3248901367188
1.0,14015.0,6.0,8.0,16.0,2.0,9.0,3.095937618927435,15.97305492565547,28.0,0.00015269832394985882,3.7092876476593477,671.0285034179688
1.0,14015.0,6.0,8.0,16.0,2.0,10.0,3.631845141194316,15.910987966716226,28.0,0.00020984287055074349,4.271593438160602,720.8255004882812
1.0,14015.0,6.0,8.0,16.0,2.0,11.0,4.217175470046234,15.861529745332975,29.0,0.0002438175718725456,4.989955437715693,717.8413696289062
1.0,14015.0,6.0,8.0,16.0,2.0,12.0,4.890331379721645,15.829175222943245,28.0,0.0002649958724193784,4.8291223637007725,726.1389770507812
1.0,14015.0,6.0,8.0,16.0,2.0,13.0,4.885280622594983,15.848132602877826,28.0,0.00026955247299911383,4.8825113007510526,710.9749145507812
1.0,14015.0,6.0,8.0,16.0,2.0,14.0,4.743443766747979,15.82137110493393,30.0,0.0002744622611361971,5.724565948589546,703.5794677734375
1.0,14015.0,6.0,8.0,16.0,2.0,15.0,5.640395259969821,15.767724699560713,29.0,0.0003189659000129462,5.7980628497888524,706.7379150390625
1.0,14015.0,6.0,8.0,16.0,2.0,16.0,5.84841871490267,15.86275560307549,28.0,0.0003240284609244979,5.445012301543994,666.1173706054688
1.0,14015.0,6.0,8.0,16.0,2.0,17.0,5.414767904708092,15.847307559924028,29.0,0.0003590672700223961,6.229866158482138,643.870849609375
1.0,14015.0,6.0,8.0,16.0,2.0,18.0,6.139095691451688,15.73258718214806,29.0,0.00034040203959752427,6.029914753303895,627.4893798828125
1.0,14015.0,6.0,8.0,16.0,2.0,19.0,6.109760816991258,15.914799488225526,29.0,0.0002812641253357093,5.460323120918534,592.2135620117188
1.0,14015.0,6.0,8.0,16.0,2.0,20.0,5.297616949084975,15.830193458994993,29.0,0.0002540083741728892,5.109389012708526,573.5155639648438
1.0,14015.0,6.0,8.0,16.0,2.0,21.0,5.126381449351115,15.891301964615574,29.0,0.00015637807198549343,4.112543203390346,535.40673828125
1.0,14015.0,6.0,8.0,16.0,2.0,22.0,3.9696475498863997,15.82497783432159,29.0,0.00011433060763744138,3.627348680109443,520.5401611328125
1.0,14015.0,6.0,8.0,16.0,2.0,0.0,2.375563943855003,16.0,29.0,0.0,2.3755639438550027,407.07586669921875
1.0,14015.0,6.0,8.0,16.0,2.0,1.0,2.375563943855003,16.0,29.0,0.0,2.3755639438550027,478.5174255371094
1.0,14015.0,6.0,8.0,16.0,2.0,2.0,2.375563943855003,16.0,29.0,0.0,2.3755639438550027,525.6500854492188
1.0,14015.0,6.0,8.0,16.0,2.0,3.0,2.375563943855003,16.0,29.0,0.0,2.3755639438550027,551.8710327148438
1.0,14015.0,6.0,8.0,16.0,2.0,4.0,2.375563943855003,16.0,29.0,0.0,2.3755639438550027,573.548095703125
1.0,14015.0,6.0,8.0,16.0,2.0,5.0,2.375563943855003,16.0,29.0,7.029670322252584e-05,3.1390696357989594,613.0892333984375
1.0,14015.0,6.0,8.0,16.0,2.0,6.0,3.1086415078418033,15.951278153450671,29.0,0.00011561676255885026,3.612597910372131,639.8627319335938
1.0,14015.0,6.0,8.0,16.0,2.0,7.0,3.6524223668699203,15.952534297404465,29.0,0.00018738024375151155,4.390469098083991,669.6060180664062
1.0,14015.0,6.0,8.0,16.0,2.0,8.0,4.406801239918778,15.878545426677247,30.0,0.00023142667212163826,5.238878374454971,707.9091796875
1.0,14015.0,6.0,8.0,16.0,2.0,9.0,5.128750776679595,15.799990696350653,29.0,0.00019408334319725122,4.4848980749151695,683.06982421875
1.0,14015.0,6.0,8.0,16.0,2.0,10.0,4.6161995064230705,15.873633586377162,31.0,0.0001868497540323529,5.0725008044565145,730.2230834960938
1.0,14015.0,6.0,8.0,16.0,2.0,11.0,5.116410146798137,15.831167450300724,31.0,0.00022349922267291783,5.5135750721101555,719.5404052734375
1.0,14015.0,6.0,8.0,16.0,2.0,12.0,5.544411880632408,15.855398240272192,31.0,0.00020330535011910787,5.2922800891235475,747.5662231445312
1.0,14015.0,6.0,8.0,16.0,2.0,13.0,5.216836418118732,15.815047721161768,30.0,0.00025115891695062044,5.455991021974749,730.8963012695312
1.0,14015.0,6.0,8.0,16.0,2.0,14.0,5.4843764082025634,15.891721312488354,30.0,0.0002654701272232629,5.632867861202041,719.6292114257812
1.0,14015.0,6.0,8.0,16.0,2.0,15.0,5.6597317564789265,15.890330375491496,30.0,0.0002763730845366203,5.763599282945535,711.6743774414062
1.0,14015.0,6.0,8.0,16.0,2.0,16.0,5.747666883035036,15.84756096968518,30.0,0.00027180152502254265,5.697242859214929,699.0706787109375
1.0,14015.0,6.0,8.0,16.0,2.0,17.0,5.7170658258648235,15.904777186639304,30.0,0.00027840809088477557,5.786164021038209,665.2033081054688
1.0,14015.0,6.0,8.0,16.0,2.0,18.0,5.680153424865059,15.84733881162477,30.0,0.0003843699309747427,6.939726478768641,632.9378662109375
1.0,14015.0,6.0,8.0,16.0,2.0,19.0,7.110578324214556,15.891396449548893,29.0,0.00024779434314374315,5.223562984638695,594.6779174804688
1.0,14015.0,6.0,8.0,16.0,2.0,20.0,5.058884840289448,15.711121392028497,30.0,0.00026389357289925865,5.671805304971881,602.737060546875
1.0,14015.0,6.0,8.0,16.0,2.0,21.0,5.623344624071793,15.663061845602288,29.0,0.00010531558871033766,3.665014898837438,540.922607421875
1.0,14015.0,6.0,8.0,16.0,2.0,22.0,3.5878108893050458,15.547476171136347,29.0,6.306422750856675e-05,3.148387107781215,526.2017211914062
1.0,14015.0,6.0,8.0,16.0,2.0,0.0,2.375563943855003,16.0,29.0,0.0,2.3755639438550027,407.07586669921875
1.0,14015.0,6.0,8.0,16.0,2.0,1.0,2.375563943855003,16.0,29.0,0.0,2.3755639438550027,478.5174255371094
1.0,14015.0,6.0,8.0,16.0,2.0,2.0,2.375563943855003,16.0,29.0,0.0,2.3755639438550027,525.6500854492188
1.0,14015.0,6.0,8.0,16.0,2.0,3.0,2.375563943855003,16.0,29.0,0.0,2.3755639438550027,551.8710327148438
1.0,14015.0,6.0,8.0,16.0,2.0,4.0,2.375563943855003,16.0,29.0,1.3947164845973437e-05,2.524241456167567,577.0742797851562
1.0,14015.0,6.0,8.0,16.0,2.0,5.0,2.5335797833476126,16.00079537655851,26.0,3.3213011938066165e-05,2.10102727675244,573.9483032226562
1.0,14015.0,6.0,8.0,16.0,2.0,6.0,2.1178334407126997,15.99012690228476,26.0,5.041563179302625e-05,2.2422554457926847,600.4702758789062
1.0,14015.0,6.0,8.0,16.0,2.0,7.0,2.261655657755337,15.989238566791489,27.0,6.680956106336289e-05,2.616070638672347,627.3999633789062
1.0,14015.0,6.0,8.0,16.0,2.0,8.0,2.654392613559864,15.986847394589454,28.0,7.93512548395414e-05,2.9803753577593586,646.0696411132812
1.0,14015.0,6.0,8.0,16.0,2.0,9.0,2.992443635953321,15.967716898653705,29.0,9.7262193066036e-05,3.4214304060838336,666.8367919921875
1.0,14015.0,6.0,8.0,16.0,2.0,10.0,3.396967367645093,15.940137129695568,28.0,0.0001293709131507894,3.46597790507511,675.1373291015625
1.0,14015.0,6.0,8.0,16.0,2.0,11.0,3.4995327933878047,15.969666140825012,28.0,0.00014113956331555079,3.5914559740787224,694.8566284179688
1.0,14015.0,6.0,8.0,16.0,2.0,12.0,3.58644603165792,15.941204819654503,29.0,0.00015487018676284256,4.028432614122955,711.0693969726562
1.0,14015.0,6.0,8.0,16.0,2.0,13.0,4.066077621923187,15.942122889192937,29.0,0.00016170041527995477,4.112344010881543,727.1689453125
1.0,14015.0,6.0,8.0,16.0,2.0,14.0,4.075436135367658,15.911001559449751,29.0,0.00017907837501858695,4.292268752640401,689.8916015625
1.0,14015.0,6.0,8.0,16.0,2.0,15.0,4.227903364245861,15.896152874037972,30.0,0.00018574755340375982,4.686803471131488,678.1015014648438
1.0,14015.0,6.0,8.0,16.0,2.0,16.0,4.687785803241419,15.927159389928729,30.0,0.00020375942135224002,4.892542939603454,672.23486328125
1.0,14015.0,6.0,8.0,16.0,2.0,17.0,4.951460505331482,15.989713900324276,30.0,0.00022520071041647063,5.157230158802241,650.6353759765625
1.0,14015.0,6.0,8.0,16.0,2.0,18.0,5.180005947490058,15.937474190742405,29.0,0.00022655917168496823,4.8112753236878945,625.5587768554688
1.0,14015.0,6.0,8.0,16.0,2.0,19.0,4.846770791679072,15.957884990718231,29.0,0.0001651278233691644,4.178713447172815,581.64892578125
1.0,14015.0,6.0,8.0,16.0,2.0,20.0,4.044457330623322,15.888283177205873,29.0,0.00014732447141714683,3.963178614693132,547.805419921875
1.0,14015.0,6.0,8.0,16.0,2.0,21.0,3.8698064483018126,15.891353555987132,29.0,8.781234844485129e-05,3.3306003893856264,513.9711303710938
1.0,14015.0,6.0,8.0,16.0,2.0,22.0,3.3741792878244,15.907359681371554,29.0,5.481288993026996e-05,2.9789245042019763,497.96820068359375
1.0,14015.0,6.0,8.0,16.0,2.0,0.0,2.375563943855003,16.0,29.0,0.0,2.3755639438550027,407.07586669921875
1.0,14015.0,6.0,8.0,16.0,2.0,1.0,2.375563943855003,16.0,29.0,1.8543943841806585e-06,2.3953871271035396,479.1092834472656
1.0,14015.0,6.0,8.0,16.0,2.0,2.0,2.393613785246798,15.999638833657487,29.0,5.153642023487927e-06,2.4304719462335194,526.7188110351562
1.0,14015.0,6.0,8.0,16.0,2.0,3.0,2.428739982307024,15.999166788080005,29.0,1.893022135330768e-05,2.5779102799020333,556.9630737304688
1.0,14015.0,6.0,8.0,16.0,2.0,4.0,2.5618572265551585,15.994616602848371,29.0,4.5231498142019504e-05,2.8586220449011495,586.3270263671875
1.0,14015.0,6.0,8.0,16.0,2.0,5.0,2.8408688056640545,15.986089820838467,29.0,5.690136125993666e-05,2.977646203663223,610.3045043945312
1.0,14015.0,6.0,8.0,16.0,2.0,6.0,3.0262740388222107,16.002691748177813,29.0,8.363999242658418e-05,3.2660425689861636,627.5615234375
1.0,14015.0,6.0,8.0,16.0,2.0,7.0,3.2936432422154134,15.99568860152034,29.0,8.116410025224315e-05,3.2427631167260933,638.7966918945312
1.0,14015.0,6.0,8.0,16.0,2.0,8.0,3.239050031137471,15.978397836014983,29.0,0.00011661109172881912,3.622307533886322,663.197021484375
1.0,14015.0,6.0,8.0,16.0,2.0,9.0,3.55730307282868,15.942324300873482,29.0,0.0001071392259266636,3.5144309793834725,674.427734375
1.0,14015.0,6.0,8.0,16.0,2.0,10.0,3.5005064399383743,15.967388361344346,30.0,0.00016575146718494866,4.4785285207107135,698.7613525390625
1.0,14015.0,6.0,8.0,16.0,2.0,11.0,4.418052849449947,15.875008795142005,30.0,0.00017012841766641748,4.515001204069492,711.4022827148438
1.0,14015.0,6.0,8.0,16.0,2.0,12.0,4.567265015159038,15.939201012650898,28.0,0.00018624950625569647,4.051697073641614,737.6837768554688
1.0,14015.0,6.0,8.0,16.0,2.0,13.0,4.142436882678896,15.951549872076859,30.0,0.00019107953190054494,4.778308372233822,712.9570922851562
1.0,14015.0,6.0,8.0,16.0,2.0,14.0,4.7566970487282525,15.885640781832407,30.0,0.00018909664006846953,4.75017924012892,727.9721069335938
1.0,14015.0,6.0,8.0,16.0,2.0,15.0,4.854365076791972,15.908321377548091,30.0,0.00021674435529363704,5.071031190885382,691.4818115234375
1.0,14015.0,6.0,8.0,16.0,2.0,16.0,5.081528285296314,15.880824846531812,30.0,0.00021534839521684208,5.071607151787398,688.1338500976562
1.0,14015.0,6.0,8.0,16.0,2.0,17.0,4.898174844146135,15.801769697337582,30.0,0.00023697162010220395,5.29567890912649,668.5155639648438
1.0,14015.0,6.0,8.0,16.0,2.0,18.0,5.121145852238758,15.811774673987086,29.0,0.00024874022655044665,5.037285048893333,634.51171875
1.0,14015.0,6.0,8.0,16.0,2.0,19.0,5.00139147964551,15.93205588386304,29.0,0.00020530896594725309,4.603251323113812,591.3027954101562
1.0,14015.0,6.0,8.0,16.0,2.0,20.0,4.580180860149176,15.886235468864399,29.0,0.0001788770849246706,4.306849125873325,559.41162109375
1.0,14015.0,6.0,8.0,16.0,2.0,21.0,4.293751413987659,15.89249503769255,29.0,9.578074347367983e-05,3.432738825756269,519.2792358398438
1.0,14015.0,6.0,8.0,16.0,2.0,22.0,3.4438391875262386,15.881682986764325,29.0,7.908135723214837e-05,3.242871732226375,505.60565185546875
1.0,14015.0,6.0,8.0,16.0,2.0,0.0,2.375563943855003,16.0,29.0,0.0,2.3755639438550027,407.07586669921875
1.0,14015.0,6.0,8.0,16.0,2.0,1.0,2.375563943855003,16.0,29.0,1.6849313468021412e-06,2.3935583738916586,479.054443359375
1.0,14015.0,6.0,8.0,16.0,2.0,2.0,2.3927990573284164,15.999782458110804,29.0,2.7337337348511914e-05,2.667577786688793,530.5740356445312
1.0,14015.0,6.0,8.0,16.0,2.0,3.0,2.67876727357312,15.998634602924644,28.0,1.1099733142082924e-05,2.3045010819716185,546.6046752929688
1.0,14015.0,6.0,8.0,16.0,2.0,4.0,2.310476013076217,15.987480601414283,28.0,2.6460151147158165e-05,2.457593290526477,573.4825439453125
1.0,14015.0,6.0,8.0,16.0,2.0,5.0,2.4206275219344837,15.974310759705785,28.0,6.221520722513076e-05,2.804930033623131,605.4797973632812
1.0,14015.0,6.0,8.0,16.0,2.0,6.0,2.83902120638576,15.987760729167217,29.0,7.596014463031431e-05,3.1916292015564984,627.897705078125
1.0,14015.0,6.0,8.0,16.0,2.0,7.0,3.209903130174555,15.967456285616963,29.0,6.878885148677657e-05,3.112454203243466,639.6416015625
1.0,14015.0,6.0,8.0,16.0,2.0,8.0,3.123250167772183,15.969260243201921,29.0,0.00010431627742940162,3.4923946305909292,661.722412109375
1.0,14015.0,6.0,8.0,16.0,2.0,9.0,3.5069598566963616,15.954616875913949,30.0,0.00012328947636913308,3.983525494442133,685.0689697265625
1.0,14015.0,6.0,8.0,16.0,2.0,10.0,3.9262452901134313,15.918183272514478,31.0,0.0001307467697501105,4.3550990201897966,707.4278564453125
1.0,14015.0,6.0,8.0,16.0,2.0,11.0,4.335744311108473,15.909005931858843,31.0,0.0001637431595138418,4.753315322784005,699.206298828125
1.0,14015.0,6.0,8.0,16.0,2.0,12.0,4.75107507887136,15.947981000670879,32.0,0.00019115065681159858,5.444487702970593,701.5493774414062
1.0,14015.0,6.0,8.0,16.0,2.0,13.0,5.489292554436399,15.878304965874587,31.0,0.0002063898224658548,5.306832990217179,749.2661743164062
1.0,14015.0,6.0,8.0,16.0,2.0,14.0,5.2797582820533915,15.879255456873121,31.0,0.0002084228693757161,5.325619997011323,728.8276977539062
1.0,14015.0,6.0,8.0,16.0,2.0,15.0,5.250915970979871,15.864432001476613,31.0,0.0002302568498691599,5.577004996016406,708.2221069335938
1.0,14015.0,6.0,8.0,16.0,2.0,16.0,5.571474333585726,15.885326928579296,30.0,0.00021889951821566257,5.114963186094192,701.3469848632812
1.0,14015.0,6.0,8.0,16.0,2.0,17.0,4.993418413680224,15.843743384259426,30.0,0.00024647091974015826,5.393990335078275,666.10693359375
1.0,14015.0,6.0,8.0,16.0,2.0,18.0,5.349030729446918,15.864094053733792,30.0,0.00023840388959252558,5.321017887309435,644.8316650390625
1.0,14015.0,6.0,8.0,16.0,2.0,19.0,5.169269217624609,15.85153732444234,30.0,0.0001900831978302767,4.737251530306956,614.91162109375
1.0,14015.0,6.0,8.0,16.0,2.0,20.0,4.969695985209427,16.017778967074396,29.0,0.00016428830542164336,4.184030348741375,546.2542114257812
1.0,14015.0,6.0,8.0,16.0,2.0,21.0,4.084872524616759,15.8958151934607,29.0,0.00011552246399716383,3.636269475138685,521.978759765625
1.0,14015.0,6.0,8.0,16.0,2.0,22.0,3.6220942837181727,15.876230630203239,29.0,6.644586513864932e-05,3.105108793686132,503.6300354003906
