2.0,4225.0,3.0,21.0,16.0,2.0,0.0,0.9832679999999998,16.0,27.0,0.0,0.9832680000000006,91.76045989990234
2.0,4225.0,3.0,21.0,16.0,2.0,1.0,0.9832680000000004,16.0,28.0,8.493192512203376e-07,1.0768866425551529,175.8372802734375
2.0,4225.0,3.0,21.0,16.0,2.0,2.0,1.076021579787999,15.995141733761663,28.0,1.1328951779642188e-05,1.117109450441073,193.1920623779297
2.0,4225.0,3.0,21.0,16.0,2.0,3.0,1.1154161249429362,15.99372894152836,27.0,1.0317505598910418e-05,1.0205632676239191,195.94161987304688
2.0,4225.0,3.0,21.0,16.0,2.0,4.0,1.0213278303043736,15.992572999408978,28.0,1.5236017917007368e-05,1.1335058259812867,215.3685760498047
2.0,4225.0,3.0,21.0,16.0,2.0,5.0,1.1311834595741104,15.985237800370378,27.0,2.6321222145427752e-05,1.0779055402368365,224.5384521484375
2.0,4225.0,3.0,21.0,16.0,2.0,6.0,1.0761371221910854,15.98646058287164,26.0,4.723699686894045e-05,1.0476258289073817,231.86505126953125
2.0,4225.0,3.0,21.0,16.0,2.0,7.0,1.045712331307914,15.98604075093752,26.0,0.00011300342130716228,1.2633903950543832,242.91783142089844
2.0,4225.0,3.0,21.0,16.0,2.0,8.0,1.246890678283377,15.949978748443787,26.0,0.00011734228849781455,1.2748353717335872,247.48385620117188
2.0,4225.0,3.0,21.0,16.0,2.0,9.0,1.276399963522178,15.970581379191522,26.0,0.0001405875926152147,1.3509527050829442,244.11679077148438
2.0,4225.0,3.0,21.0,16.0,2.0,10.0,1.36711385039525,15.969780365522398,28.0,0.0001383989526429975,1.615799111097349,259.844970703125
2.0,4225.0,3.0,21.0,16.0,2.0,11.0,1.6141856734321125,15.913795415891107,29.0,0.0001473467639074472,1.7852371533746447,269.86749267578125
2.0,4225.0,3.0,21.0,16.0,2.0,12.0,1.7871834287248305,15.91792018349643,28.0,0.00014069165723179516,1.6248212341103254,254.018310546875
2.0,4225.0,3.0,21.0,16.0,2.0,13.0,1.6635654826299533,15.97989461519717,28.0,0.00012160503102171438,1.554830850348353,245.00697326660156
2.0,4225.0,3.0,21.0,16.0,2.0,14.0,1.5605568454300516,15.954379081249872,29.0,0.00010274847458738973,1.6026094400493267,253.5304412841797
2.0,4225.0,3.0,21.0,16.0,2.0,15.0,1.5910298330778965,15.916262739306529,29.0,0.00017237706746120219,1.8897390280971258,255.67739868164062
2.0,4225.0,3.0,21.0,16.0,2.0,16.0,1.911530929813506,15.93620243537976,27.0,0.0001692085105081225,1.6098262909704426,244.59719848632812
2.0,4225.0,3.0,21.0,16.0,2.0,17.0,1.5789634429067998,15.881839950226242,26.0,0.00014928546673543966,1.3962533789221745,251.53875732421875
2.0,4225.0,3.0,21.0,16.0,2.0,18.0,1.3390997892445378,15.848742038870624,24.0,0.0001119449717056899,1.0251297200068055,269.88177490234375
2.0,4225.0,3.0,21.0,16.0,2.0,19.0,1.0151229936296917,15.845385844786447,25.0,7.680442904333289e-05,1.0439794969897827,280.1042785644531
2.0,4225.0,3.0,21.0,16.0,2.0,20.0,1.0272181931381006,15.844510944374543,26.0,6.377040787519946e-05,1.1125591195115578,289.94293212890625
2.0,4225.0,3.0,21.0,16.0,2.0,21.0,1.1313587200837671,15.874996836315274,25.0,3.452029952899733e-05,0.9207503031502815,296.65826416015625
2.0,4225.0,3.0,21.0,16.0,2.0,22.0,0.9110449360136731,15.854112573406082,25.0,5.163815681384436e-05,0.9690347067805865,310.6299133300781
2.0,4225.0,3.0,21.0,16.0,2.0,0.0,0.715104,16.0,24.0,0.0,0.715104,25.094449996948242
2.0,4225.0,3.0,21.0,16.0,2.0,1.0,0.715104,16.0,25.0,5.645844244941482e-06,0.8223695153028596,55.03058624267578
2.0,4225.0,3.0,21.0,16.0,2.0,2.0,0.8213046366666701,15.991468237095436,26.0,1.1514142082704882e-05,0.9329647147897796,165.6627655029297
2.0,4225.0,3.0,21.0,16.0,2.0,3.0,0.9323350912799689,15.983233564337638,25.0,2.5641517410806546e-05,0.8802997698698185,178.9826202392578
2.0,4225.0,3.0,21.0,16.0,2.0,4.0,0.8816094378437123,15.986352373907401,25.0,3.2590087707362875e-05,0.9005477762193046,200.08712768554688
2.0,4225.0,3.0,21.0,16.0,2.0,5.0,0.899850617999012,15.985514392642578,25.0,2.21411384438524e-05,0.8701003192485373,216.3538360595703
2.0,4225.0,3.0,21.0,16.0,2.0,6.0,0.868399579200627,15.985416229323748,25.0,7.623501453151991e-05,1.0285513169925373,231.7908477783203
2.0,4225.0,3.0,21.0,16.0,2.0,7.0,1.037630564449524,15.97227429193452,27.0,9.45352289176778e-05,1.3268473057040255,247.12503051757812
2.0,4225.0,3.0,21.0,16.0,2.0,8.0,1.327306986431208,15.914611560172949,28.0,0.00010674830431872417,1.492925134239359,257.84521484375
2.0,4225.0,3.0,21.0,16.0,2.0,9.0,1.4959741540652947,15.902547817957323,28.0,0.00015989954621474696,1.6948400436800541,264.47265625
2.0,4225.0,3.0,21.0,16.0,2.0,10.0,1.72432972347835,15.9504981575111,28.0,0.00012638663604396853,1.5796556630237475,259.5740661621094
2.0,4225.0,3.0,21.0,16.0,2.0,11.0,1.5575733472485949,15.91147598355337,29.0,0.00010622289658962092,1.6135954039589218,269.3948059082031
2.0,4225.0,3.0,21.0,16.0,2.0,12.0,1.6203352271715599,15.931962045604658,30.0,0.00017160358816853175,2.0362360349503152,275.8905334472656
2.0,4225.0,3.0,21.0,16.0,2.0,13.0,2.0579067507701065,15.851478889011164,29.0,0.00023761855476918986,2.1758460437686162,266.0763244628906
2.0,4225.0,3.0,21.0,16.0,2.0,14.0,2.1830068573411356,15.85843614195384,30.0,0.00017892340893737682,2.079227472043787,270.5574035644531
2.0,4225.0,3.0,21.0,16.0,2.0,15.0,2.0765226341096805,15.903307521537114,29.0,0.00014369141199809703,1.7918261342798187,254.49037170410156
2.0,4225.0,3.0,21.0,16.0,2.0,16.0,1.7592538367088435,15.88704298036423,29.0,0.0001259830285089835,1.7013808430639716,256.488037109375
2.0,4225.0,3.0,21.0,16.0,2.0,17.0,1.693742347764762,15.920866039686528,29.0,0.00011092498988830973,1.636376758504602,256.5950012207031
2.0,4225.0,3.0,21.0,16.0,2.0,18.0,1.6393477080845071,15.936404988564165,29.0,0.00013685116970517315,1.7438126814203483,258.78668212890625
2.0,4225.0,3.0,21.0,16.0,2.0,19.0,1.72429440720241,15.915387148249588,29.0,0.00017633001039842346,1.9113007160478503,265.5061950683594
2.0,4225.0,3.0,21.0,16.0,2.0,20.0,1.8906748617838696,15.84018076811701,28.0,0.00017518929754471946,1.7628830243391125,282.4255676269531
2.0,4225.0,3.0,21.0,16.0,2.0,21.0,1.7503299576942442,15.909861814156532,28.0,0.00013908322944520502,1.6213271351402518,288.3794860839844
2.0,4225.0,3.0,21.0,16.0,2.0,22.0,1.6228455133731965,15.942020874559041,28.0,8.335575301238548e-05,1.406562992554038,295.6193542480469
2.0,4225.0,3.0,21.0,16.0,2.0,0.0,1.083311812885215,16.0,27.0,2.749273755974534e-05,1.0805417031772175,97.9283447265625
2.0,4225.0,3.0,21.0,16.0,2.0,1.0,1.0845111846572308,16.003188188668865,27.0,1.6526307960162726e-05,1.0421475335581296,162.67955017089844
2.0,4225.0,3.0,21.0,16.0,2.0,2.0,1.0403671739867262,15.998377134434286,28.0,3.4254995694552335e-05,1.2071324245454782,193.62509155273438
2.0,4225.0,3.0,21.0,16.0,2.0,3.0,1.2078273662388457,15.988881934690436,28.0,1.964933809517425e-05,1.149958485444943,205.85804748535156
2.0,4225.0,3.0,21.0,16.0,2.0,4.0,1.1512131185936585,15.987524359271264,28.0,2.4482007253658947e-05,1.1689414019969881,216.8431854248047
2.0,4225.0,3.0,21.0,16.0,2.0,5.0,1.1636237253641386,15.982455415418286,27.0,2.512667521234911e-05,1.0733554217545467,224.76077270507812
2.0,4225.0,3.0,21.0,16.0,2.0,6.0,1.0751278667678752,15.987256359911564,28.0,6.281862491371604e-05,1.3221483439699668,242.03419494628906
2.0,4225.0,3.0,21.0,16.0,2.0,7.0,1.3089070199632,15.948673151324424,29.0,0.00012815614660425,1.7092091020886233,256.8670959472656
2.0,4225.0,3.0,21.0,16.0,2.0,8.0,1.7209961859690093,15.908649909095177,29.0,9.148276030576274e-05,1.5589355580679225,260.1045227050781
2.0,4225.0,3.0,21.0,16.0,2.0,9.0,1.5609073777697653,15.907809431553272,30.0,0.00017505464797761206,2.063213880598426,273.4774475097656
2.0,4225.0,3.0,21.0,16.0,2.0,10.0,2.0514811141934017,15.809575304514047,30.0,0.0001315879620149299,1.8719834146737937,280.02886962890625
2.0,4225.0,3.0,21.0,16.0,2.0,11.0,1.8451005302660985,15.820771760823744,31.0,0.00011174339107191964,1.900124232085815,287.1358337402344
2.0,4225.0,3.0,21.0,16.0,2.0,12.0,1.8883093700322158,15.837246193389966,31.0,0.00016356468255939217,2.153681000640112,290.5514831542969
2.0,4225.0,3.0,21.0,16.0,2.0,13.0,2.12352846890112,15.807401789372067,32.0,0.0001918703809209214,2.4403073222007428,300.55731201171875
2.0,4225.0,3.0,21.0,16.0,2.0,14.0,2.4665610473891935,15.79127389099804,32.0,0.00018236665562222916,2.3993728205457794,296.8314208984375
2.0,4225.0,3.0,21.0,16.0,2.0,15.0,2.3827488615197483,15.82841760296136,32.0,0.00012367133057911047,2.0983455652770244,288.9701843261719
2.0,4225.0,3.0,21.0,16.0,2.0,16.0,2.0805171623171215,15.836539037004322,31.0,0.00013385764836482816,2.0136059649256652,274.1929931640625
2.0,4225.0,3.0,21.0,16.0,2.0,17.0,2.0004375278441144,15.80585462101441,31.0,0.0001049844279492373,1.8654287677016548,274.41650390625
2.0,4225.0,3.0,21.0,16.0,2.0,18.0,1.900331457678637,15.87294118785216,31.0,0.00014321245646482214,2.053696829508019,271.0640563964844
2.0,4225.0,3.0,21.0,16.0,2.0,19.0,2.052243547519288,15.84154172554223,30.0,0.00019396758747134611,2.143403787572348,272.4674377441406
2.0,4225.0,3.0,21.0,16.0,2.0,20.0,2.1966387167634744,15.889582190146932,30.0,0.00020549615518708847,2.2009292557708453,272.6873779296875
2.0,4225.0,3.0,21.0,16.0,2.0,21.0,2.2167441680965645,15.888648060914488,30.0,0.00012179864173114827,1.834984143264473,281.6831970214844
2.0,4225.0,3.0,21.0,16.0,2.0,22.0,1.8038530809337492,15.817056712044923,29.0,7.679844452690386e-05,1.508401563031886,302.2089538574219
2.0,4225.0,3.0,21.0,16.0,2.0,0.0,1.1620439999999999,16.0,29.0,0.0,1.1620439999999994,170.07290649414062
2.0,4225.0,3.0,21.0,16.0,2.0,1.0,1.1620439999999999,16.0,29.0,0.0,1.1620439999999994,190.59300231933594
2.0,4225.0,3.0,21.0,16.0,2.0,2.0,1.1620439999999999,16.0,29.0,0.0,1.1620439999999994,200.10739135742188
2.0,4225.0,3.0,21.0,16.0,2.0,3.0,1.1620439999999999,16.0,29.0,3.533620309436886e-05,1.311188697705829,211.875732421875
2.0,4225.0,3.0,21.0,16.0,2.0,4.0,1.317707308138515,15.998100523001046,29.0,3.05209205449812e-05,1.2912147406932164,228.03366088867188
2.0,4225.0,3.0,21.0,16.0,2.0,5.0,1.292069180855088,15.993280291539081,29.0,4.31198109572986e-05,1.3438506109070463,239.22889709472656
2.0,4225.0,3.0,21.0,16.0,2.0,6.0,1.3501041483857859,15.991999727792184,29.0,7.19495136513015e-05,1.4650432137734715,246.4616241455078
2.0,4225.0,3.0,21.0,16.0,2.0,7.0,1.474368546373964,15.990654650244078,29.0,0.00014921476506728724,1.795337327779479,254.76455688476562
2.0,4225.0,3.0,21.0,16.0,2.0,8.0,1.7705460027368942,15.920709859595025,29.0,0.00013570754954189546,1.7365946166690378,261.3720397949219
2.0,4225.0,3.0,21.0,16.0,2.0,9.0,1.7395540416823614,15.954232589846333,29.0,0.0001348472760660407,1.7348426331087243,263.25018310546875
2.0,4225.0,3.0,21.0,16.0,2.0,10.0,1.7444564193160037,15.946205919683603,30.0,0.00013582014949813342,1.8727812169321938,271.9438171386719
2.0,4225.0,3.0,21.0,16.0,2.0,11.0,1.8622465047799623,15.912021656231973,27.0,0.00012193930995021228,1.437214445848924,248.21311950683594
2.0,4225.0,3.0,21.0,16.0,2.0,12.0,1.4291543333464913,15.881809962164212,28.0,0.00012230627367921571,1.561708817335761,257.20745849609375
2.0,4225.0,3.0,21.0,16.0,2.0,13.0,1.523881420815948,15.858033619212845,28.0,0.00010456607262434205,1.4911077493054612,253.59779357910156
2.0,4225.0,3.0,21.0,16.0,2.0,14.0,1.4781295907285281,15.865550158209373,28.0,0.0001154707244794734,1.5300378552929772,252.17562866210938
2.0,4225.0,3.0,21.0,16.0,2.0,15.0,1.5485895312964075,15.906799726164282,29.0,0.0001486282428890884,1.801816628968475,256.0737609863281
2.0,4225.0,3.0,21.0,16.0,2.0,16.0,1.7982786201668148,15.873009000129814,28.0,0.0001616070112408901,1.7174109939963826,253.402587890625
2.0,4225.0,3.0,21.0,16.0,2.0,17.0,1.7136259123286335,15.877091218841395,28.0,0.00016032426129286123,1.713432932064629,255.79661560058594
2.0,4225.0,3.0,21.0,16.0,2.0,18.0,1.6733812932590963,15.83722725267846,28.0,0.00011802985538776391,1.5431112219970362,261.3150939941406
2.0,4225.0,3.0,21.0,16.0,2.0,19.0,1.5700648555727774,15.891370093445403,27.0,7.424527786015324e-05,1.266640182235112,269.3188171386719
2.0,4225.0,3.0,21.0,16.0,2.0,20.0,1.2657309245678652,15.85817823777097,27.0,6.793187562035809e-05,1.2390820083763856,284.9978332519531
2.0,4225.0,3.0,21.0,16.0,2.0,21.0,1.245893272522055,15.868491220150249,26.0,4.8420368878150824e-05,1.0652969179604523,296.3852844238281
2.0,4225.0,3.0,21.0,16.0,2.0,22.0,1.0719780977949054,15.863740196081896,26.0,4.86384832347057e-05,1.065313342525776,306.72967529296875
2.0,4225.0,3.0,21.0,16.0,2.0,0.0,0.8938799999999998,16.0,26.0,0.0,0.8938800000000002,50.786136627197266
2.0,4225.0,3.0,21.0,16.0,2.0,1.0,0.8938800000000003,16.0,25.0,0.0,0.8046569505722412,62.128902435302734
2.0,4225.0,3.0,21.0,16.0,2.0,2.0,0.8047445911650527,15.997002820818501,25.0,0.0,0.8047394575533514,127.83855438232422
2.0,4225.0,3.0,21.0,16.0,2.0,3.0,0.8047314120790494,15.997156926719336,25.0,0.0,0.8047245061479493,176.77723693847656
2.0,4225.0,3.0,21.0,16.0,2.0,4.0,0.8047179533275474,15.99731676883448,25.0,2.2149567296701532e-05,0.8694029541984474,198.60595703125
2.0,4225.0,3.0,21.0,16.0,2.0,5.0,0.8734591064210095,15.997602232364452,25.0,3.1170627472108304e-05,0.8956968046332942,216.18783569335938
2.0,4225.0,3.0,21.0,16.0,2.0,6.0,0.8927879512495567,15.994796836138859,25.0,6.800115360146693e-05,1.0039427688400613,230.99362182617188
2.0,4225.0,3.0,21.0,16.0,2.0,7.0,0.9924640964578244,15.980024476992089,25.0,0.00016017062328755688,1.27698205124255,239.69888305664062
2.0,4225.0,3.0,21.0,16.0,2.0,8.0,1.2472212973220393,15.925595386942614,25.0,0.00012785688129441966,1.18053410388558,240.654052734375
2.0,4225.0,3.0,21.0,16.0,2.0,9.0,1.2007995972439656,15.960845696806704,26.0,0.00020497932367867104,1.566808030495863,246.08462524414062
2.0,4225.0,3.0,21.0,16.0,2.0,10.0,1.5849482400191797,15.899007501343903,26.0,0.0001527522065631719,1.4046308736912787,244.6231231689453
2.0,4225.0,3.0,21.0,16.0,2.0,11.0,1.4176885999209692,15.901138872906065,27.0,0.00015496457226355079,1.5462881175260148,250.81455993652344
2.0,4225.0,3.0,21.0,16.0,2.0,12.0,1.5588917123022359,15.89428194129706,27.0,0.00019307521834611673,1.6792097140662494,246.18505859375
2.0,4225.0,3.0,21.0,16.0,2.0,13.0,1.718400623608739,15.924563678163125,28.0,0.00024117344307175522,2.0246594818835812,251.19631958007812
2.0,4225.0,3.0,21.0,16.0,2.0,14.0,2.013824465256417,15.844267955004344,28.0,0.0002469926985415573,2.04356663321012,254.12738037109375
2.0,4225.0,3.0,21.0,16.0,2.0,15.0,2.107028263087555,15.939327246794582,28.0,0.00011590333987945042,1.5672748981705358,246.3477783203125
2.0,4225.0,3.0,21.0,16.0,2.0,16.0,1.560652189886123,15.805578420761345,29.0,0.00014238306742402228,1.7850396390703585,263.2147216796875
2.0,4225.0,3.0,21.0,16.0,2.0,17.0,1.778632587965439,15.774785528104019,29.0,0.0001811362262036761,1.9467803508342545,267.333984375
2.0,4225.0,3.0,21.0,16.0,2.0,18.0,1.9320648652391372,15.781410066505622,28.0,0.0002031785747836403,1.8866165628482203,264.9176025390625
2.0,4225.0,3.0,21.0,16.0,2.0,19.0,1.8876729056350514,15.819356492103044,29.0,0.0001835550042475268,1.9492200364572132,271.206787109375
2.0,4225.0,3.0,21.0,16.0,2.0,20.0,1.9845004125853964,15.887378596310565,28.0,0.00024008836992457246,2.0299137781130625,279.2504577636719
2.0,4225.0,3.0,21.0,16.0,2.0,21.0,2.0263239436366907,15.801203144007511,27.0,0.00014523398714454098,1.5442455384103253,296.4180603027344
2.0,4225.0,3.0,21.0,16.0,2.0,22.0,1.5148322637955218,15.746265135563613,27.0,8.58720639428622e-05,1.313333021933522,313.70849609375
2.0,4225.0,3.0,21.0,16.0,2.0,0.0,1.0494542944205776,16.0,27.0,1.9033008216874703e-05,1.050797404034071,95.78913116455078
2.0,4225.0,3.0,21.0,16.0,2.0,1.0,1.049273422538487,15.999499588689337,27.0,1.989894207065591e-05,1.0540520828764595,162.8720703125
2.0,4225.0,3.0,21.0,16.0,2.0,2.0,1.0509116603038609,15.996591275166969,26.0,1.4666140551760033e-05,0.9413350628720762,168.27345275878906
2.0,4225.0,3.0,21.0,16.0,2.0,3.0,0.9407722113680578,15.995585307652197,26.0,4.8262453836837805e-06,0.9097216951093244,184.7022705078125
2.0,4225.0,3.0,21.0,16.0,2.0,4.0,0.9096083884171411,15.99558641018758,26.0,3.5376699223814884e-05,1.0095440795664525,207.26144409179688
2.0,4225.0,3.0,21.0,16.0,2.0,5.0,1.0060107956044775,15.989156513963867,25.0,4.7611708759069916e-05,0.9437259098777456,216.9829559326172
2.0,4225.0,3.0,21.0,16.0,2.0,6.0,0.9368794766442913,15.987562904308346,26.0,8.704135893284881e-05,1.1794136748843862,234.04031372070312
2.0,4225.0,3.0,21.0,16.0,2.0,7.0,1.1862399658585467,15.96518163529885,27.0,0.00015879945926252351,1.5560643542183301,249.7854766845703
2.0,4225.0,3.0,21.0,16.0,2.0,8.0,1.5653972869012651,15.934075462372638,28.0,0.0001473255292515578,1.6525523858636064,257.7999267578125
2.0,4225.0,3.0,21.0,16.0,2.0,9.0,1.6863978416592325,15.94378311201911,28.0,0.00021412558212373088,1.9135231115839146,262.9202575683594
2.0,4225.0,3.0,21.0,16.0,2.0,10.0,1.9474892667874386,15.915303339330988,29.0,0.0001928733895978658,1.9874320944842834,270.77227783203125
2.0,4225.0,3.0,21.0,16.0,2.0,11.0,1.9752929793142173,15.89155371026135,29.0,0.00016301925782229946,1.8602123060130784,270.3258361816406
2.0,4225.0,3.0,21.0,16.0,2.0,12.0,1.8815851523630227,15.922895071873732,30.0,0.00019888223402648634,2.168321612085997,276.0917053222656
2.0,4225.0,3.0,21.0,16.0,2.0,13.0,2.1336820780445245,15.818349558561591,30.0,0.0002375669623454062,2.3393758592985257,279.65545654296875
2.0,4225.0,3.0,21.0,16.0,2.0,14.0,2.3062106301346614,15.852260773549105,30.0,0.0002494034024154924,2.396930013957051,272.59259033203125
2.0,4225.0,3.0,21.0,16.0,2.0,15.0,2.4138483476693433,15.851436465658677,31.0,0.00012762263488812496,1.9939735003278072,275.2471008300781
2.0,4225.0,3.0,21.0,16.0,2.0,16.0,1.9706772539990447,15.810747723152769,30.0,0.0001603785998511008,1.9951650381890726,267.95684814453125
2.0,4225.0,3.0,21.0,16.0,2.0,17.0,1.9956951399587328,15.850419839056228,30.0,0.00021664537407467066,2.2534623837882477,266.5036926269531
2.0,4225.0,3.0,21.0,16.0,2.0,18.0,2.231091745456175,15.791425466040652,30.0,0.00024409532889607845,2.384429551180422,272.1846008300781
2.0,4225.0,3.0,21.0,16.0,2.0,19.0,2.299542612286931,15.707153553150805,29.0,0.0001993323076809747,2.0339682433906345,276.67462158203125
2.0,4225.0,3.0,21.0,16.0,2.0,20.0,1.9768840838130048,15.748950579066584,29.0,0.00026518275601888664,2.2874499122762146,286.41552734375
2.0,4225.0,3.0,21.0,16.0,2.0,21.0,2.3563526618007935,15.875002607598638,29.0,0.00018394827303462268,1.9826304240888721,285.18377685546875
2.0,4225.0,3.0,21.0,16.0,2.0,22.0,1.944879977868597,15.767502148352513,29.0,9.842313574684033e-05,1.6064987867359504,305.3700866699219
2.0,4225.0,3.0,21.0,16.0,2.0,0.0,1.072656,16.0,28.0,0.0,1.0726560000000003,147.14122009277344
2.0,4225.0,3.0,21.0,16.0,2.0,1.0,1.072656,16.0,27.0,0.0,0.9833581952164654,161.0839385986328
2.0,4225.0,3.0,21.0,16.0,2.0,2.0,0.9834700148388856,15.997538210944256,27.0,0.0,0.9834730897478197,180.96983337402344
2.0,4225.0,3.0,21.0,16.0,2.0,3.0,0.9834676956455122,15.99765027288783,27.0,0.0,0.9834627848304431,194.34988403320312
2.0,4225.0,3.0,21.0,16.0,2.0,4.0,0.9834581127290313,15.997763027571699,27.0,0.0,0.983453437846006,210.71046447753906
2.0,4225.0,3.0,21.0,16.0,2.0,5.0,0.983448989736374,15.997870371795488,27.0,1.6462074934551222e-05,1.0421557937315402,223.63096618652344
2.0,4225.0,3.0,21.0,16.0,2.0,6.0,1.0452539642938636,15.998080574057369,27.0,4.454172932399402e-05,1.1424421320104032,235.40377807617188
2.0,4225.0,3.0,21.0,16.0,2.0,7.0,1.1411609848045257,15.993533895412774,28.0,0.00010068638738761402,1.4678509660019585,249.43798828125
2.0,4225.0,3.0,21.0,16.0,2.0,8.0,1.48885427810381,15.96687054596596,28.0,0.00011635060990432238,1.5304819395148364,254.52285766601562
2.0,4225.0,3.0,21.0,16.0,2.0,9.0,1.52908186190785,15.946103264823531,28.0,0.00012862964197819733,1.5759148990886884,260.1122741699219
2.0,4225.0,3.0,21.0,16.0,2.0,10.0,1.581087437269267,15.959010203643972,29.0,0.00012647338778178332,1.6995560918339085,266.57403564453125
2.0,4225.0,3.0,21.0,16.0,2.0,11.0,1.6841659915806981,15.943528404170554,30.0,0.00011329865338371211,1.7699304824191338,274.1485900878906
2.0,4225.0,3.0,21.0,16.0,2.0,12.0,1.7739222281732032,15.934531413894529,29.0,0.00010500408736178293,1.6138293420498222,263.1473388671875
2.0,4225.0,3.0,21.0,16.0,2.0,13.0,1.6049732111348867,15.91359621993015,30.0,9.824208294910047e-05,1.7011657327971843,270.76483154296875
2.0,4225.0,3.0,21.0,16.0,2.0,14.0,1.6964430718482757,15.924782229111797,30.0,9.620879126134542e-05,1.6905818874035066,265.4635925292969
2.0,4225.0,3.0,21.0,16.0,2.0,15.0,1.7105719784282425,15.96501139952291,29.0,0.00014376944774201916,1.7757586065582898,251.50865173339844
2.0,4225.0,3.0,21.0,16.0,2.0,16.0,1.7562742548775694,15.912379995084141,29.0,0.0001408324703852951,1.7566914562766431,255.07957458496094
2.0,4225.0,3.0,21.0,16.0,2.0,17.0,1.7970452089286804,15.966605739884866,29.0,0.0001266412231656191,1.702876687484945,253.40884399414062
2.0,4225.0,3.0,21.0,16.0,2.0,18.0,1.7150103623325585,15.9540441104001,29.0,9.700947272428262e-05,1.5780368285405488,256.7601318359375
2.0,4225.0,3.0,21.0,16.0,2.0,19.0,1.570309842829686,15.948708241903457,28.0,4.9922842169443877e-05,1.2784376290110946,263.3687744140625
2.0,4225.0,3.0,21.0,16.0,2.0,20.0,1.2704500029090302,15.911842776690953,28.0,3.9232906068143555e-05,1.2318152658222683,278.7974548339844
2.0,4225.0,3.0,21.0,16.0,2.0,21.0,1.231893086660892,15.923264103723799,28.0,2.7536147425192492e-05,1.1863696108934518,289.1096496582031
2.0,4225.0,3.0,21.0,16.0,2.0,22.0,1.1875788273876922,15.926821758795644,28.0,2.2818131732057995e-05,1.1679874364232194,298.0911865234375
2.0,4225.0,3.0,21.0,16.0,2.0,0.0,1.1448292347085522,16.0,28.0,1.6603756556260832e-05,1.1370394207252388,150.5020294189453
2.0,4225.0,3.0,21.0,16.0,2.0,1.0,1.1368708141422739,15.997584741960631,28.0,1.431906103883207e-05,1.127651752398095,179.38047790527344
2.0,4225.0,3.0,21.0,16.0,2.0,2.0,1.1319123191325737,16.00315337017509,28.0,1.0701057098076504e-06,1.0769618910720375,192.4610137939453
2.0,4225.0,3.0,21.0,16.0,2.0,3.0,1.0768022817939191,15.999229105399886,27.0,2.1414339915585295e-05,1.0594080513602833,195.86294555664062
2.0,4225.0,3.0,21.0,16.0,2.0,4.0,1.0564005515559942,15.99654600906585,28.0,6.62889534335225e-06,1.098410319250539,215.04879760742188
2.0,4225.0,3.0,21.0,16.0,2.0,5.0,1.099575703989585,15.999061429284001,27.0,4.1742733378853625e-05,1.131716406379585,224.51817321777344
2.0,4225.0,3.0,21.0,16.0,2.0,6.0,1.1331343773694205,15.996883719968787,27.0,3.997613656516409e-05,1.125800467296452,235.0238037109375
2.0,4225.0,3.0,21.0,16.0,2.0,7.0,1.1155176130999216,15.989252217160427,28.0,0.00011145300523295932,1.5107979087844932,250.2864532470703
2.0,4225.0,3.0,21.0,16.0,2.0,8.0,1.522642106543434,15.953221589602757,28.0,0.00010859774742577435,1.5004327999072105,254.89926147460938
2.0,4225.0,3.0,21.0,16.0,2.0,9.0,1.4949067033394667,15.946945797165611,29.0,0.00015060393373763647,1.8014311547843835,265.35986328125
2.0,4225.0,3.0,21.0,16.0,2.0,10.0,1.8276421746591809,15.936636991987937,29.0,0.00012253263704740445,1.6916884317561958,267.2442932128906
2.0,4225.0,3.0,21.0,16.0,2.0,11.0,1.6725064550597024,15.897528293051613,29.0,9.807333384734673e-05,1.5839017211897874,269.767333984375
2.0,4225.0,3.0,21.0,16.0,2.0,12.0,1.5801762851731873,15.906617015862867,30.0,0.0001670385781419231,2.0205038078012656,277.8613586425781
2.0,4225.0,3.0,21.0,16.0,2.0,13.0,2.0368668412490707,15.855973382930383,30.0,0.00022026873047523206,2.261144696311699,276.8814697265625
2.0,4225.0,3.0,21.0,16.0,2.0,14.0,2.300798913194756,15.890434719483803,31.0,0.00019163462201802358,2.2959126658177724,279.55413818359375
2.0,4225.0,3.0,21.0,16.0,2.0,15.0,2.2491470522957058,15.815983725485363,31.0,0.00012887772022278734,1.9895425738605732,278.8287353515625
2.0,4225.0,3.0,21.0,16.0,2.0,16.0,1.9645576126262878,15.827632667589704,30.0,0.00012699393843717332,1.8455223451701859,266.0995788574219
2.0,4225.0,3.0,21.0,16.0,2.0,17.0,1.8237894793491458,15.839416049171131,30.0,0.00010899588178502419,1.7579624231642523,265.9267272949219
2.0,4225.0,3.0,21.0,16.0,2.0,18.0,1.7870067045806863,15.891761649683673,29.0,0.0001546855224394459,1.8299326839653156,261.3115234375
2.0,4225.0,3.0,21.0,16.0,2.0,19.0,1.818275437277086,15.866745408980137,29.0,0.00015773094545746148,1.8391101045539109,267.9267578125
2.0,4225.0,3.0,21.0,16.0,2.0,20.0,1.8648324276945571,15.885203274155327,29.0,0.000184964577450515,1.9563004805360575,277.1797790527344
2.0,4225.0,3.0,21.0,16.0,2.0,21.0,1.9281050296412974,15.859787965379349,29.0,0.00013217694851719216,1.7359008042530955,288.41973876953125
2.0,4225.0,3.0,21.0,16.0,2.0,22.0,1.7331612895779265,15.864568181996205,29.0,6.417399679332205e-05,1.4495004146296793,298.9238586425781
2.0,4225.0,3.0,21.0,16.0,2.0,0.0,1.072656,16.0,28.0,0.0,1.0726560000000003,147.14122009277344
2.0,4225.0,3.0,21.0,16.0,2.0,1.0,1.072656,16.0,28.0,5.515409815155183e-06,1.0940744686107182,177.4081573486328
2.0,4225.0,3.0,21.0,16.0,2.0,2.0,1.0940498354380077,15.999997358874326,28.0,1.161162818264799e-05,1.1177490858593075,193.01683044433594
2.0,4225.0,3.0,21.0,16.0,2.0,3.0,1.1172127520744721,15.999165010684061,28.0,2.5868684142732565e-05,1.1734224341521011,204.2168426513672
2.0,4225.0,3.0,21.0,16.0,2.0,4.0,1.1661117139973451,15.99323937141483,27.0,3.243307786741906e-05,1.0986961447299568,212.4336395263672
2.0,4225.0,3.0,21.0,16.0,2.0,5.0,1.0942816323431361,15.992347409144461,27.0,2.1702769692320587e-05,1.0602552216590642,223.8777313232422
2.0,4225.0,3.0,21.0,16.0,2.0,6.0,1.061143665703593,15.996908340883236,27.0,7.771807187100981e-05,1.261942314071709,237.16957092285156
2.0,4225.0,3.0,21.0,16.0,2.0,7.0,1.2655948753035753,15.979680696828735,27.0,9.819201851163282e-05,1.3346829680313814,246.06585693359375
2.0,4225.0,3.0,21.0,16.0,2.0,8.0,1.3250538307453774,15.970173819864753,26.0,0.00010714007736678593,1.2429166290746552,245.73385620117188
2.0,4225.0,3.0,21.0,16.0,2.0,9.0,1.2473230489869225,15.972068862099885,28.0,0.0001617980797418871,1.7129677071835288,260.79058837890625
2.0,4225.0,3.0,21.0,16.0,2.0,10.0,1.6895789222454236,15.877027940202595,27.0,0.00012563932150543714,1.4483034728580622,255.21546936035156
2.0,4225.0,3.0,21.0,16.0,2.0,11.0,1.433318857123556,15.864146248789716,26.0,0.00010469777319663976,1.2483286378265313,241.6259002685547
2.0,4225.0,3.0,21.0,16.0,2.0,12.0,1.2465177536994985,15.8650386857512,26.0,0.00017632587359096,1.481442563035018,240.4868621826172
2.0,4225.0,3.0,21.0,16.0,2.0,13.0,1.4787742366590002,15.843825421246986,28.0,0.00023736204146565125,2.017569995728306,257.7763671875
2.0,4225.0,3.0,21.0,16.0,2.0,14.0,2.0400719214107554,15.790718924875062,28.0,0.00018267446361263666,1.818856232508701,256.67010498046875
2.0,4225.0,3.0,21.0,16.0,2.0,15.0,1.8373056033726496,15.776045832779493,29.0,0.00014464197145534367,1.7969343688134636,264.0560302734375
2.0,4225.0,3.0,21.0,16.0,2.0,16.0,1.7966314629265032,15.793586079543058,29.0,0.0001257895501670079,1.713813802546732,262.5706787109375
2.0,4225.0,3.0,21.0,16.0,2.0,17.0,1.7387983320694584,15.829530381345315,29.0,0.00011071777199136056,1.6513149832139888,262.5113830566406
2.0,4225.0,3.0,21.0,16.0,2.0,18.0,1.6463094738200597,15.817788289023358,29.0,0.0001386063224566551,1.7664512466795523,266.9736633300781
2.0,4225.0,3.0,21.0,16.0,2.0,19.0,1.7259918315919527,15.805570370767652,28.0,0.00018106637076698267,1.7976171570568162,274.8641357421875
2.0,4225.0,3.0,21.0,16.0,2.0,20.0,1.76949007209831,15.804348960455933,28.0,0.00017886443892119828,1.7844874681438438,285.8072509765625
2.0,4225.0,3.0,21.0,16.0,2.0,21.0,1.792321538953669,15.860472115808339,28.0,0.00013691562949214215,1.6254710327524988,291.6470031738281
2.0,4225.0,3.0,21.0,16.0,2.0,22.0,1.6400101208342468,15.860906196125311,28.0,8.668441027553178e-05,1.4283978130044266,301.493408203125
2.0,4225.0,3.0,21.0,16.0,2.0,0.0,1.072656,16.0,28.0,0.0,1.0726560000000003,147.14122009277344
2.0,4225.0,3.0,21.0,16.0,2.0,1.0,1.072656,16.0,28.0,0.0,1.0726560000000003,176.7429656982422
2.0,4225.0,3.0,21.0,16.0,2.0,2.0,1.072656,16.0,28.0,0.0,1.0726560000000003,192.4777069091797
2.0,4225.0,3.0,21.0,16.0,2.0,3.0,1.072656,16.0,27.0,0.0,0.9833581952164654,194.74893188476562
2.0,4225.0,3.0,21.0,16.0,2.0,4.0,0.9834700148388856,15.997538210944256,28.0,2.9256779675908382e-05,1.1890673458332224,215.83050537109375
2.0,4225.0,3.0,21.0,16.0,2.0,5.0,1.19211826372977,15.982027850282334,28.0,3.755158381243632e-05,1.2203418383739881,230.76832580566406
2.0,4225.0,3.0,21.0,16.0,2.0,6.0,1.216741889050491,15.975513473997987,28.0,4.643573451811182e-05,1.2533176709295215,241.33473205566406
2.0,4225.0,3.0,21.0,16.0,2.0,7.0,1.2649970801334876,15.98924811271998,28.0,0.00011011715677256714,1.5049522476173116,249.7488250732422
2.0,4225.0,3.0,21.0,16.0,2.0,8.0,1.493538489327412,15.946393641967283,29.0,0.00014973287555882073,1.7967472433720653,261.3899230957031
2.0,4225.0,3.0,21.0,16.0,2.0,9.0,1.8019380960525824,15.917252584606247,29.0,0.00015078262785618972,1.8021836690578907,266.26556396484375
2.0,4225.0,3.0,21.0,16.0,2.0,10.0,1.8295925773342323,15.940906901102622,29.0,0.0001600883778850652,1.842272392769247,268.1878356933594
2.0,4225.0,3.0,21.0,16.0,2.0,11.0,1.8565024334146343,15.946481169492596,29.0,0.00011607182028598963,1.6628648097326082,265.8608703613281
2.0,4225.0,3.0,21.0,16.0,2.0,12.0,1.6589347977303228,15.917754115018093,30.0,0.00012525785312327765,1.824779784222541,275.6735534667969
2.0,4225.0,3.0,21.0,16.0,2.0,13.0,1.8287213930451272,15.916851315437416,30.0,0.0001233916923412423,1.8174868331217235,270.4739685058594
2.0,4225.0,3.0,21.0,16.0,2.0,14.0,1.8091137071049421,15.93639309410615,31.0,0.00010769089387855056,1.8722908956836626,275.606201171875
2.0,4225.0,3.0,21.0,16.0,2.0,15.0,1.8420333540449676,15.910334746568502,31.0,0.0001663714219506647,2.1546378930206496,275.242919921875
2.0,4225.0,3.0,21.0,16.0,2.0,16.0,2.160088781895092,15.875129263848756,30.0,0.0001552582333820987,1.9711118510833623,262.6705322265625
2.0,4225.0,3.0,21.0,16.0,2.0,17.0,1.9605764179380365,15.890844213889489,30.0,0.00016203008040336896,1.9938266131154798,262.82696533203125
2.0,4225.0,3.0,21.0,16.0,2.0,18.0,2.006819578114226,15.927778704209496,29.0,0.000146445769996889,1.7964560765212891,257.6407775878906
2.0,4225.0,3.0,21.0,16.0,2.0,19.0,1.7880833867131554,15.892500535807873,29.0,8.002166570781647e-05,1.5149844591199282,265.11431884765625
2.0,4225.0,3.0,21.0,16.0,2.0,20.0,1.5115012921532125,15.87632035492146,29.0,8.240442227481407e-05,1.5202090804124089,278.775390625
2.0,4225.0,3.0,21.0,16.0,2.0,21.0,1.5116783730298147,15.879702768830509,29.0,4.8395184078624366e-05,1.377074233860522,289.26043701171875
2.0,4225.0,3.0,21.0,16.0,2.0,22.0,1.369173772044959,15.882280767156898,29.0,7.42476503855181e-05,1.48471523782035,300.37493896484375
2.0,4225.0,3.0,21.0,16.0,2.0,0.0,1.2018452610850665,16.0,29.0,8.381239700071203e-06,1.197092943120481,171.61190795898438
2.0,4225.0,3.0,21.0,16.0,2.0,1.0,1.1981306751131091,16.000884263460872,28.0,2.4147925514589224e-05,1.1658205241248043,181.08070373535156
2.0,4225.0,3.0,21.0,16.0,2.0,2.0,1.1691531459082711,16.003858372533422,28.0,2.3073008112167345e-05,1.1624349876182523,193.63819885253906
2.0,4225.0,3.0,21.0,16.0,2.0,3.0,1.1553395028179523,15.996289151668716,28.0,3.105695349551038e-05,1.192776165469965,205.0662078857422
2.0,4225.0,3.0,21.0,16.0,2.0,4.0,1.1913975517639448,15.999030550006847,28.0,2.283416634388071e-05,1.1607680621204102,216.40687561035156
2.0,4225.0,3.0,21.0,16.0,2.0,5.0,1.1700031358564398,16.0035592741071,28.0,3.86516483631682e-05,1.2232938827872595,229.59292602539062
2.0,4225.0,3.0,21.0,16.0,2.0,6.0,1.2178847633429528,15.9926367834447,28.0,4.3230407594680675e-05,1.2402647216829614,240.0794677734375
2.0,4225.0,3.0,21.0,16.0,2.0,7.0,1.2382813102425014,15.992876143561727,29.0,0.00012470924505986512,1.6934188245300088,254.15390014648438
2.0,4225.0,3.0,21.0,16.0,2.0,8.0,1.711915453087809,15.94380664931514,29.0,9.078645330030637e-05,1.553452878659951,257.8565368652344
2.0,4225.0,3.0,21.0,16.0,2.0,9.0,1.5568283654475092,15.935406493021365,30.0,0.00015746812770225184,1.9762353917156785,270.55084228515625
2.0,4225.0,3.0,21.0,16.0,2.0,10.0,2.003891157862037,15.893806168458008,30.0,0.00013985212807759664,1.9039059189169563,274.937744140625
2.0,4225.0,3.0,21.0,16.0,2.0,11.0,1.884709022998019,15.862634814029228,31.0,0.0001112414276156715,1.8939826453724002,284.0072021484375
2.0,4225.0,3.0,21.0,16.0,2.0,12.0,1.8916343670026898,15.864231439112913,31.0,0.0001695466713650079,2.1775079561683546,288.76214599609375
2.0,4225.0,3.0,21.0,16.0,2.0,13.0,2.1555477941109147,15.83784162353195,31.0,0.0002151855358237413,2.395283651152992,288.431640625
2.0,4225.0,3.0,21.0,16.0,2.0,14.0,2.437404516408602,15.879286395168679,31.0,0.00017607448966798804,2.222394750353936,279.17535400390625
2.0,4225.0,3.0,21.0,16.0,2.0,15.0,2.2182013423735376,15.843141468072359,31.0,0.00012797646840009543,1.985459316507823,276.92645263671875
2.0,4225.0,3.0,21.0,16.0,2.0,16.0,1.9642642193920332,15.827179794494146,31.0,0.00012146419446364422,1.943812313495604,275.0977783203125
2.0,4225.0,3.0,21.0,16.0,2.0,17.0,1.9667805938836076,15.878078674296233,29.0,0.00014180904822723117,1.7778989173920743,258.7348327636719
2.0,4225.0,3.0,21.0,16.0,2.0,18.0,1.7903312197419439,15.88867795275964,29.0,0.00016577243844027618,1.879706086062883,261.6789855957031
2.0,4225.0,3.0,21.0,16.0,2.0,19.0,1.8527675345435042,15.82647123508261,29.0,0.00015068920388796667,1.8113111927304715,270.3634033203125
2.0,4225.0,3.0,21.0,16.0,2.0,20.0,1.7975132090383792,15.859455749339455,28.0,0.00022385447506745874,1.9588903559848727,282.3004150390625
2.0,4225.0,3.0,21.0,16.0,2.0,21.0,1.942141536809044,15.846825407937445,28.0,0.00012023600987333656,1.564752250481079,291.43511962890625
2.0,4225.0,3.0,21.0,16.0,2.0,22.0,1.569820163051944,15.841515943318454,28.0,5.987731152758883e-05,1.3260762236980361,302.8431396484375
2.0,4225.0,3.0,21.0,16.0,2.0,0.0,1.072656,16.0,28.0,0.0,1.0726560000000003,147.14122009277344
2.0,4225.0,3.0,21.0,16.0,2.0,1.0,1.072656,16.0,28.0,0.0,1.0726560000000003,176.7429656982422
2.0,4225.0,3.0,21.0,16.0,2.0,2.0,1.072656,16.0,28.0,0.0,1.0726560000000003,192.4777069091797
2.0,4225.0,3.0,21.0,16.0,2.0,3.0,1.072656,16.0,29.0,0.0,1.1628706753000182,209.81967163085938
2.0,4225.0,3.0,21.0,16.0,2.0,4.0,1.162325344431407,15.99601879023896,29.0,2.373647405998035e-05,1.2629660745034506,228.22767639160156
2.0,4225.0,3.0,21.0,16.0,2.0,5.0,1.2568842756516423,15.986617200831162,28.0,5.2529528618454055e-05,1.2763959904509437,231.1366729736328
2.0,4225.0,3.0,21.0,16.0,2.0,6.0,1.274019956323738,15.991823831826386,28.0,7.12711980439245e-05,1.3493389215723484,241.4879150390625
2.0,4225.0,3.0,21.0,16.0,2.0,7.0,1.3606423604192859,15.990894305075393,28.0,0.0001681162019117748,1.7301832309163778,252.02035522460938
2.0,4225.0,3.0,21.0,16.0,2.0,8.0,1.7306486006484916,15.924537655999835,28.0,0.0001668041862768026,1.7266417887499828,258.76910400390625
2.0,4225.0,3.0,21.0,16.0,2.0,9.0,1.7341609839085272,15.92933936467054,29.0,0.00016820413856393957,1.8747588696375486,266.622314453125
2.0,4225.0,3.0,21.0,16.0,2.0,10.0,1.8631020591731333,15.924357208805336,29.0,0.00016096559977531684,1.8463297393376321,269.24847412109375
2.0,4225.0,3.0,21.0,16.0,2.0,11.0,1.8277539839362025,15.936353714120635,28.0,0.00014838817860541117,1.6602209389170488,257.46343994140625
2.0,4225.0,3.0,21.0,16.0,2.0,12.0,1.6610521151644744,15.92444342151023,29.0,0.0001353083743511823,1.736384539299633,264.9092712402344
2.0,4225.0,3.0,21.0,16.0,2.0,13.0,1.7614009572179945,15.936653807369028,29.0,0.0001313622560754425,1.7239360456363315,258.3953857421875
2.0,4225.0,3.0,21.0,16.0,2.0,14.0,1.7057964633623643,15.914275629040608,29.0,0.00014028006241137604,1.7554962761221822,256.6170654296875
2.0,4225.0,3.0,21.0,16.0,2.0,15.0,1.775742010528738,15.950984327532423,29.0,0.00020124716164342788,2.023608644155543,253.30633544921875
2.0,4225.0,3.0,21.0,16.0,2.0,16.0,1.943714489141214,15.805611912178778,29.0,0.0001844055242872274,1.9410268652685712,262.0512390136719
2.0,4225.0,3.0,21.0,16.0,2.0,17.0,1.9622118829120656,15.923933570368,28.0,0.0001882343263228106,1.814710800132782,252.01231384277344
2.0,4225.0,3.0,21.0,16.0,2.0,18.0,1.8655726602913918,15.955797453401905,28.0,0.00013735285030514437,1.6245380858717484,252.5588836669922
2.0,4225.0,3.0,21.0,16.0,2.0,19.0,1.6186220977717756,15.899357725939414,28.0,8.542324932358174e-05,1.4172345848740262,267.10064697265625
2.0,4225.0,3.0,21.0,16.0,2.0,20.0,1.411823948675763,15.896670273118067,28.0,7.991506918192937e-05,1.3922582831895165,279.89984130859375
2.0,4225.0,3.0,21.0,16.0,2.0,21.0,1.3971226217357666,15.910996257721436,28.0,4.555846847087687e-05,1.2589676463517347,288.94244384765625
2.0,4225.0,3.0,21.0,16.0,2.0,22.0,1.2682930483641677,15.917356020030132,28.0,5.981030123963848e-05,1.31396370958085,299.07525634765625
2.0,4225.0,3.0,21.0,16.0,2.0,0.0,1.0778596794552515,16.0,28.0,1.5516533828558105e-06,1.0786824373952848,147.55487060546875
2.0,4225.0,3.0,21.0,16.0,2.0,1.0,1.0784131376564203,15.999687798267098,27.0,8.24058027328281e-06,1.012399550104341,161.987548828125
2.0,4225.0,3.0,21.0,16.0,2.0,2.0,1.013396917405106,15.999870003612665,28.0,3.0654083031454225e-05,1.1943526094748513,193.26210021972656
2.0,4225.0,3.0,21.0,16.0,2.0,3.0,1.1846214846939864,15.978840363751125,28.0,1.3151377840037397e-05,1.1245009583160506,205.94834899902344
2.0,4225.0,3.0,21.0,16.0,2.0,4.0,1.1251556450849294,15.984932917689319,28.0,4.3322255268007425e-05,1.2425101052803396,217.58883666992188
2.0,4225.0,3.0,21.0,16.0,2.0,5.0,1.2466152110157416,15.982012137017493,28.0,6.378974373225202e-05,1.3218606085907127,232.36305236816406
2.0,4225.0,3.0,21.0,16.0,2.0,6.0,1.3250448088255453,15.980170295735265,27.0,8.406707638709186e-05,1.2840727537176895,237.7086944580078
2.0,4225.0,3.0,21.0,16.0,2.0,7.0,1.2911686131422166,15.983772648890183,28.0,0.00018365423885637262,1.7961556544622583,253.46755981445312
2.0,4225.0,3.0,21.0,16.0,2.0,8.0,1.8325827586174128,15.900340701258695,29.0,0.00017107444987333632,1.893170672157373,264.41455078125
2.0,4225.0,3.0,21.0,16.0,2.0,9.0,1.926664636953454,15.91195099843288,29.0,0.00018369010358754666,1.9474035561939913,268.0245056152344
2.0,4225.0,3.0,21.0,16.0,2.0,10.0,1.9743539956892047,15.910327614509121,29.0,0.00016887932368021304,1.8834888425758092,270.1631164550781
2.0,4225.0,3.0,21.0,16.0,2.0,11.0,1.9238183010051757,15.956741749377477,29.0,0.0001642858053234943,1.8708839923520977,265.90020751953125
2.0,4225.0,3.0,21.0,16.0,2.0,12.0,1.8539426264198966,15.877592279411363,30.0,0.00015226790590963188,1.9483158304044343,278.4541320800781
2.0,4225.0,3.0,21.0,16.0,2.0,13.0,1.9518281129205388,15.907737843939598,30.0,0.00016386060504269644,2.0071051110842206,271.8839111328125
2.0,4225.0,3.0,21.0,16.0,2.0,14.0,1.953606512477176,15.860347811566124,30.0,0.0001427021322903552,1.9087376287797226,270.39019775390625
2.0,4225.0,3.0,21.0,16.0,2.0,15.0,1.8754958066958687,15.866066728760652,29.0,0.0002188956406207967,2.0892250431080277,259.0137634277344
2.0,4225.0,3.0,21.0,16.0,2.0,16.0,2.0682717930847567,15.875173953036581,28.0,0.0001912568638209658,1.8336825397974814,252.4998779296875
2.0,4225.0,3.0,21.0,16.0,2.0,17.0,1.8228109215450135,15.89373115677788,28.0,0.0002101383810694072,1.900768658886044,254.99612426757812
2.0,4225.0,3.0,21.0,16.0,2.0,18.0,1.9112294107079444,15.875799498248925,28.0,0.00015040520019602493,1.6730067427525384,257.7933654785156
2.0,4225.0,3.0,21.0,16.0,2.0,19.0,1.6934899511879946,15.904829890268381,28.0,9.28063971143612e-05,1.4503758417235368,266.4911804199219
2.0,4225.0,3.0,21.0,16.0,2.0,20.0,1.4533382836404842,15.884714532644841,28.0,0.00012660527966467148,1.5757928137683346,281.552978515625
2.0,4225.0,3.0,21.0,16.0,2.0,21.0,1.6141170706482393,15.899790687705321,28.0,4.755413972925739e-05,1.27680179601967,288.3323974609375
2.0,4225.0,3.0,21.0,16.0,2.0,22.0,1.2840280107104374,15.858239234719974,29.0,7.098151692423203e-05,1.4778432529436263,302.8822021484375
2.0,4225.0,3.0,21.0,16.0,2.0,0.0,1.1620439999999999,16.0,29.0,0.0,1.1620439999999994,170.07290649414062
2.0,4225.0,3.0,21.0,16.0,2.0,1.0,1.1620439999999999,16.0,29.0,0.0,1.1620439999999994,190.59300231933594
2.0,4225.0,3.0,21.0,16.0,2.0,2.0,1.1620439999999999,16.0,28.0,0.0,1.0727176836316765,192.59124755859375
2.0,4225.0,3.0,21.0,16.0,2.0,3.0,1.0728366443627053,15.997741615823793,28.0,0.0,1.0728442431822547,202.8629150390625
2.0,4225.0,3.0,21.0,16.0,2.0,4.0,1.072840007357894,15.997842701261769,28.0,0.0,1.07283579315109,214.91497802734375
2.0,4225.0,3.0,21.0,16.0,2.0,5.0,1.0728317801357563,15.997939139951146,28.0,1.3597469306084068e-05,1.1257683475672857,228.71107482910156
2.0,4225.0,3.0,21.0,16.0,2.0,6.0,1.1270118431567833,15.997260671158623,28.0,3.35608367721493e-05,1.203577392408251,239.56924438476562
2.0,4225.0,3.0,21.0,16.0,2.0,7.0,1.2018170006980584,15.991007416688099,29.0,9.331636665521735e-05,1.5601974969268337,252.78807067871094
2.0,4225.0,3.0,21.0,16.0,2.0,8.0,1.554189899804643,15.94627488902204,30.0,9.116904116309232e-05,1.6685888930371362,261.9671936035156
2.0,4225.0,3.0,21.0,16.0,2.0,9.0,1.6618800201810395,15.94678487404823,30.0,0.00014580640411153743,1.9179462988203533,268.7087707519531
2.0,4225.0,3.0,21.0,16.0,2.0,10.0,1.9256420677774384,15.909928001911856,31.0,0.0001197317049310249,1.9292327622947096,276.9529724121094
2.0,4225.0,3.0,21.0,16.0,2.0,11.0,1.9151309856671905,15.913849198088863,31.0,9.31242382155835e-05,1.8000617850353933,279.1637268066406
2.0,4225.0,3.0,21.0,16.0,2.0,12.0,1.8102208632058459,15.932033255315805,31.0,0.0001440262752374338,2.047887859075438,283.0317687988281
2.0,4225.0,3.0,21.0,16.0,2.0,13.0,2.0355876611931754,15.897297294164622,31.0,0.0001924135538551381,2.2835653385209675,283.8399963378906
2.0,4225.0,3.0,21.0,16.0,2.0,14.0,2.2739598672812007,15.860586553076805,31.0,0.00017527019985401696,2.1974660418383505,281.2734375
2.0,4225.0,3.0,21.0,16.0,2.0,15.0,2.269823594653098,15.974097242489751,31.0,9.277639182404499e-05,1.8186805246457787,265.7991638183594
2.0,4225.0,3.0,21.0,16.0,2.0,16.0,1.8174759264553333,15.88190768987771,30.0,0.00010895123796546893,1.760369390251018,262.4324035644531
2.0,4225.0,3.0,21.0,16.0,2.0,17.0,1.7715152551318352,15.879428154741685,30.0,0.00010476829852904028,1.7395963294555183,263.3908386230469
2.0,4225.0,3.0,21.0,16.0,2.0,18.0,1.7577100161846533,15.882889393239262,29.0,0.0001386744216232739,1.7588548015756362,261.8294982910156
2.0,4225.0,3.0,21.0,16.0,2.0,19.0,1.7640534666525232,15.885632606718541,29.0,0.00015276639893227958,1.8180410708268708,266.8541564941406
2.0,4225.0,3.0,21.0,16.0,2.0,20.0,1.8091775301742195,15.875856732798738,29.0,0.00016834979712599267,1.8847704298300845,278.0210876464844
2.0,4225.0,3.0,21.0,16.0,2.0,21.0,1.8424501470624486,15.84943164435379,29.0,0.00011105147174699537,1.642660322584373,289.4428405761719
2.0,4225.0,3.0,21.0,16.0,2.0,22.0,1.6531684851193198,15.884526001063369,29.0,5.8419845792999756e-05,1.4231654292631817,297.8426208496094
2.0,4225.0,3.0,21.0,16.0,2.0,0.0,1.1405727593332209,16.0,28.0,1.709468612180927e-05,1.1387691474082224,150.40069580078125
2.0,4225.0,3.0,21.0,16.0,2.0,1.0,1.1396439694155776,16.00018797210561,29.0,1.4877386494662914e-05,1.2248465719589683,191.10948181152344
2.0,4225.0,3.0,21.0,16.0,2.0,2.0,1.2280254660813492,16.000035659517653,28.0,1.039012970306203e-06,1.0778704777726937,192.62522888183594
2.0,4225.0,3.0,21.0,16.0,2.0,3.0,1.0775537036210892,15.990095642262382,29.0,2.132717513190531e-05,1.2544551246384033,211.40426635742188
2.0,4225.0,3.0,21.0,16.0,2.0,4.0,1.254471677905164,15.980152886807698,28.0,6.700043081067263e-06,1.1013000383956746,217.42611694335938
2.0,4225.0,3.0,21.0,16.0,2.0,5.0,1.1023908669167102,15.973417670899448,28.0,4.127501741684605e-05,1.236816715050609,232.19436645507812
2.0,4225.0,3.0,21.0,16.0,2.0,6.0,1.2313740790425836,15.960876524163828,28.0,4.116416766434553e-05,1.2356544085271333,241.9480743408203
2.0,4225.0,3.0,21.0,16.0,2.0,7.0,1.223866365749433,15.956313393273973,29.0,0.00010955754412174715,1.6309163594053868,255.7152557373047
2.0,4225.0,3.0,21.0,16.0,2.0,8.0,1.6451446585374014,15.927570716437858,29.0,0.00010609531052388985,1.6192259170830998,259.9012756347656
2.0,4225.0,3.0,21.0,16.0,2.0,9.0,1.6056120425233393,15.906508378070654,30.0,0.0001514881953731659,1.9497229517614574,271.9500732421875
2.0,4225.0,3.0,21.0,16.0,2.0,10.0,1.9320070629140684,15.859482039721605,31.0,0.00012210396842187688,1.9447052254842747,280.54296875
2.0,4225.0,3.0,21.0,16.0,2.0,11.0,1.9370724271262312,15.88580998873442,29.0,0.00010051614455892825,1.6088397692905414,269.6091003417969
2.0,4225.0,3.0,21.0,16.0,2.0,12.0,1.5692402734641455,15.82198130649481,29.0,0.00015951852075658565,1.849535529580333,273.3296203613281
2.0,4225.0,3.0,21.0,16.0,2.0,13.0,1.8101277157012179,15.810926360926652,31.0,0.00022066970687383634,2.440262605284371,292.3572082519531
2.0,4225.0,3.0,21.0,16.0,2.0,14.0,2.4100706064721953,15.687502418621678,31.0,0.00019961770259925612,2.3463506388725586,295.03851318359375
2.0,4225.0,3.0,21.0,16.0,2.0,15.0,2.330972492300122,15.717288056394246,32.0,0.00012778605921080985,2.1237745523270326,298.33197021484375
2.0,4225.0,3.0,21.0,16.0,2.0,16.0,2.1315310449931104,15.753489665824153,31.0,0.00012355986345495603,1.9692835119332464,279.73236083984375
2.0,4225.0,3.0,21.0,16.0,2.0,17.0,1.991229967928435,15.785309572680182,30.0,0.00010933697118943895,1.7756047231338552,268.8840026855469
2.0,4225.0,3.0,21.0,16.0,2.0,18.0,1.792799020624553,15.79480482036493,30.0,0.00015150896544840732,1.9647594075986428,272.4870910644531
2.0,4225.0,3.0,21.0,16.0,2.0,19.0,1.9572655725633836,15.771971916384345,30.0,0.00016273512656162731,2.010911591444375,277.5567626953125
2.0,4225.0,3.0,21.0,16.0,2.0,20.0,2.0289934882770435,15.83138052479162,29.0,0.0001791193750189712,1.94659526049683,279.5645446777344
2.0,4225.0,3.0,21.0,16.0,2.0,21.0,1.9321216569467123,15.788402409620494,29.0,0.0001305637106449553,1.7374213423284035,293.4017639160156
2.0,4225.0,3.0,21.0,16.0,2.0,22.0,1.7199942310093659,15.799630523020904,29.0,6.448012803333496e-05,1.4553213033281567,303.7261962890625
2.0,4225.0,3.0,21.0,16.0,2.0,0.0,1.2175850032768762,16.0,29.0,1.228675773363136e-05,1.2135716015589872,172.3057098388672
2.0,4225.0,3.0,21.0,16.0,2.0,1.0,1.2125992130560153,15.999292822360182,29.0,2.7991352304005417e-05,1.279619271196244,192.1752166748047
2.0,4225.0,3.0,21.0,16.0,2.0,2.0,1.2794495117121625,15.99924072962748,29.0,1.9025580518889512e-05,1.242212984614152,201.87794494628906
2.0,4225.0,3.0,21.0,16.0,2.0,3.0,1.2392243022882279,15.995283519576693,29.0,3.3904535182995454e-05,1.3050410480868861,212.7057342529297
2.0,4225.0,3.0,21.0,16.0,2.0,4.0,1.2918927699319287,15.98862328541818,29.0,8.589331420838644e-06,1.1982208872837474,227.14108276367188
2.0,4225.0,3.0,21.0,16.0,2.0,5.0,1.1973211937189066,15.992241888897105,29.0,4.292261511100869e-05,1.3444627603157582,239.31503295898438
2.0,4225.0,3.0,21.0,16.0,2.0,6.0,1.3347135962972274,15.977442106622995,29.0,5.506960665727859e-05,1.3936445114888403,246.4047088623047
2.0,4225.0,3.0,21.0,16.0,2.0,7.0,1.397028595420019,15.989525581500308,29.0,0.00011109405717145907,1.6304328922098252,253.10009765625
2.0,4225.0,3.0,21.0,16.0,2.0,8.0,1.6507021579178585,15.989092995543743,30.0,0.0001399110421918367,1.8935565766074811,261.7171325683594
2.0,4225.0,3.0,21.0,16.0,2.0,9.0,1.8692486742443157,15.903735348271924,31.0,0.00015345723986359236,2.088092695486867,275.45452880859375
2.0,4225.0,3.0,21.0,16.0,2.0,10.0,2.0987770070872247,15.921207614143286,31.0,0.00015121770612614487,2.086510762382088,277.6348571777344
2.0,4225.0,3.0,21.0,16.0,2.0,11.0,2.025407288428228,15.873928623387105,31.0,0.00015329849918181135,2.087773958413132,285.2690124511719
2.0,4225.0,3.0,21.0,16.0,2.0,12.0,2.085051524307325,15.930396201458844,32.0,0.00011513105960662924,2.033965327754271,287.13287353515625
2.0,4225.0,3.0,21.0,16.0,2.0,13.0,2.030808197531467,15.928741009081325,31.0,0.0001023655365361736,1.8493411336646324,279.243896484375
2.0,4225.0,3.0,21.0,16.0,2.0,14.0,1.8297164730667033,15.901463481593307,31.0,0.00011645504698652589,1.9119503514423664,278.4195556640625
2.0,4225.0,3.0,21.0,16.0,2.0,15.0,1.8888038283825472,15.912768495141137,32.0,0.00015472663982839314,2.239680536228542,286.1824645996094
2.0,4225.0,3.0,21.0,16.0,2.0,16.0,2.2183415013341543,15.867235503715065,31.0,0.00019682946831452137,2.3044153771769142,273.2449645996094
2.0,4225.0,3.0,21.0,16.0,2.0,17.0,2.308589882469228,15.910638306055896,31.0,0.0001686834599259318,2.17489616851142,267.0523376464844
2.0,4225.0,3.0,21.0,16.0,2.0,18.0,2.1906925118678315,15.903081631158708,31.0,9.685452440601359e-05,1.832838789122856,266.5689697265625
2.0,4225.0,3.0,21.0,16.0,2.0,19.0,1.8104007048765647,15.860299494943398,30.0,6.955996609295271e-05,1.5822925090958375,270.8527526855469
2.0,4225.0,3.0,21.0,16.0,2.0,20.0,1.587199696404355,15.866253919561673,30.0,6.555684435750822e-05,1.5629623640604848,276.8257141113281
2.0,4225.0,3.0,21.0,16.0,2.0,21.0,1.5519933962237713,15.855006599717434,30.0,4.630582189783453e-05,1.473594921050029,288.508544921875
2.0,4225.0,3.0,21.0,16.0,2.0,22.0,1.4610135215488151,15.862326861282972,30.0,3.0433210107887145e-05,1.3997445765415772,298.92236328125
2.0,4225.0,3.0,21.0,16.0,2.0,0.0,1.290686794816956,16.0,29.0,2.756584874782954e-05,1.2776833660588183,175.1708984375
2.0,4225.0,3.0,21.0,16.0,2.0,1.0,1.2763347507524,15.998151830682254,29.0,1.6579457901611548e-05,1.2315784938992822,192.13438415527344
2.0,4225.0,3.0,21.0,16.0,2.0,2.0,1.2264806244636808,15.996503092312352,29.0,3.3927192022586887e-05,1.305064109372242,202.33184814453125
2.0,4225.0,3.0,21.0,16.0,2.0,3.0,1.2995800277358658,15.989920810675082,29.0,1.894621174605468e-05,1.2411559584399603,213.31756591796875
2.0,4225.0,3.0,21.0,16.0,2.0,4.0,1.2410119507609636,15.997466536272087,29.0,2.4131242901394758e-05,1.2634885300666223,227.87481689453125
2.0,4225.0,3.0,21.0,16.0,2.0,5.0,1.2679406207108224,15.999462160055023,29.0,2.497711967864762e-05,1.2671946466729902,237.64073181152344
2.0,4225.0,3.0,21.0,16.0,2.0,6.0,1.2708355381763183,15.998509656813592,29.0,6.331911352145135e-05,1.4299478541416186,245.813720703125
2.0,4225.0,3.0,21.0,16.0,2.0,7.0,1.430849344963341,15.980605571267832,30.0,0.0001263267696900628,1.8264773710798772,258.429931640625
2.0,4225.0,3.0,21.0,16.0,2.0,8.0,1.8576879916132678,15.973908308224427,30.0,9.000348789168052e-05,1.668856316550463,259.1759033203125
2.0,4225.0,3.0,21.0,16.0,2.0,9.0,1.6831213221447496,15.948840524969699,31.0,0.00017341717835807295,2.1946847373316216,274.5169372558594
2.0,4225.0,3.0,21.0,16.0,2.0,10.0,2.236245804847601,15.884584590225746,31.0,0.00013075837726320293,1.9993684568324241,278.4463806152344
2.0,4225.0,3.0,21.0,16.0,2.0,11.0,1.99010920635995,15.847545181328922,31.0,0.00011563925667262584,1.91690902271537,284.9462585449219
2.0,4225.0,3.0,21.0,16.0,2.0,12.0,1.9351772171428274,15.88294591492407,32.0,0.0001648122477194006,2.30729411966756,294.6329040527344
2.0,4225.0,3.0,21.0,16.0,2.0,13.0,2.2629957257371314,15.760338275467031,31.0,0.00018930875197011984,2.2801140627242393,293.34576416015625
2.0,4225.0,3.0,21.0,16.0,2.0,14.0,2.2558127199913063,15.808826444098708,31.0,0.0001809559243433886,2.2373170629914116,285.65496826171875
2.0,4225.0,3.0,21.0,16.0,2.0,15.0,2.2504617825965623,15.867226549999888,31.0,0.00012248454529207136,1.9641946362461529,274.7839660644531
2.0,4225.0,3.0,21.0,16.0,2.0,16.0,1.9220380465034763,15.803624710337427,31.0,0.00013127730540035118,1.9968408047853252,277.5275573730469
2.0,4225.0,3.0,21.0,16.0,2.0,17.0,1.9598736713135911,15.804454517026642,31.0,0.00010751067683659432,1.8789734701770253,274.79290771484375
2.0,4225.0,3.0,21.0,16.0,2.0,18.0,1.858820078453403,15.8437205614318,30.0,0.00014920857402754057,1.941141014996522,268.66973876953125
2.0,4225.0,3.0,21.0,16.0,2.0,19.0,1.9920385992761314,15.888435724026875,30.0,0.00018888683702653202,2.127784588031743,269.51104736328125
2.0,4225.0,3.0,21.0,16.0,2.0,20.0,2.1191519153491813,15.840196362788175,30.0,0.00020390276629468585,2.1933736545216838,276.36737060546875
2.0,4225.0,3.0,21.0,16.0,2.0,21.0,2.1907082709081798,15.847297851893998,30.0,0.0001279631959834635,1.8581462637978179,284.7701416015625
2.0,4225.0,3.0,21.0,16.0,2.0,22.0,1.840754247785773,15.81578011757499,30.0,7.464372661381573e-05,1.6089710957121937,300.1248779296875
2.0,4225.0,3.0,21.0,16.0,2.0,0.0,1.286936246825335,16.0,30.0,8.02842468842567e-06,1.2877008056841817,182.16311645507812
2.0,4225.0,3.0,21.0,16.0,2.0,1.0,1.2866334615580957,15.999477867556674,29.0,2.3528297844948916e-05,1.2605123858715122,192.43121337890625
2.0,4225.0,3.0,21.0,16.0,2.0,2.0,1.2590302008453813,16.000876575220495,29.0,2.2737927429302527e-05,1.2577695654853462,201.8046417236328
2.0,4225.0,3.0,21.0,16.0,2.0,3.0,1.2513944027963257,15.99480295366357,29.0,3.2274038154343674e-05,1.2978274001033203,212.84103393554688
2.0,4225.0,3.0,21.0,16.0,2.0,4.0,1.2898355291320676,15.989559154353621,29.0,2.294816879486299e-05,1.2575609464598778,228.1704559326172
2.0,4225.0,3.0,21.0,16.0,2.0,5.0,1.2625412571122212,16.00067919476856,29.0,3.901495921474865e-05,1.326221970224684,238.42811584472656
2.0,4225.0,3.0,21.0,16.0,2.0,6.0,1.3345911755837636,15.996937379143027,29.0,4.259159130366418e-05,1.3411363338399436,244.36622619628906
2.0,4225.0,3.0,21.0,16.0,2.0,7.0,1.3431506204062902,15.99447328671756,30.0,0.00012610920252210478,1.832634858181696,257.9286804199219
2.0,4225.0,3.0,21.0,16.0,2.0,8.0,1.8148344462867183,15.900873470392266,30.0,8.88887792614335e-05,1.6622310971903647,263.8793029785156
2.0,4225.0,3.0,21.0,16.0,2.0,9.0,1.6604793528838169,15.921391344041831,31.0,0.00016072334469990568,2.1322902759040705,275.6142578125
2.0,4225.0,3.0,21.0,16.0,2.0,10.0,2.162821898460517,15.88431589719419,32.0,0.000138635812295155,2.1662753195149578,283.4454040527344
2.0,4225.0,3.0,21.0,16.0,2.0,11.0,2.150695620811995,15.850034419007363,32.0,0.00011337859859228621,2.0325126053346323,288.307373046875
2.0,4225.0,3.0,21.0,16.0,2.0,12.0,2.035814852482328,15.871260928805587,32.0,0.00016773457875355558,2.313345858769455,295.1854553222656
2.0,4225.0,3.0,21.0,16.0,2.0,13.0,2.314150173294351,15.83798407195121,32.0,0.00021006259789570515,2.5249269106114123,298.2220153808594
2.0,4225.0,3.0,21.0,16.0,2.0,14.0,2.628938358506465,15.914774331277693,32.0,0.0001812755181711668,2.397296056913739,286.43994140625
2.0,4225.0,3.0,21.0,16.0,2.0,15.0,2.374892601465685,15.872809236780022,32.0,0.000126231591526206,2.107402102148559,285.62127685546875
2.0,4225.0,3.0,21.0,16.0,2.0,16.0,2.100650800926632,15.858178276429868,31.0,0.00012277851117314795,1.956782539801351,272.0430603027344
2.0,4225.0,3.0,21.0,16.0,2.0,17.0,1.951143268924125,15.84753001474284,31.0,0.00013656246371940355,2.0169936592212347,272.45343017578125
2.0,4225.0,3.0,21.0,16.0,2.0,18.0,2.0349227121236417,15.88869343863196,31.0,0.0001692533370718461,2.180476713666194,269.8800048828125
2.0,4225.0,3.0,21.0,16.0,2.0,19.0,2.178053874133165,15.851171440498618,30.0,0.0001522008531586863,1.9615581821181503,270.4656066894531
2.0,4225.0,3.0,21.0,16.0,2.0,20.0,1.9891625041439362,15.879124991813388,30.0,0.0002150705900346302,2.248752939970086,274.9169006347656
2.0,4225.0,3.0,21.0,16.0,2.0,21.0,2.2195284874870085,15.809061564911874,30.0,0.00011884015984377311,1.8207277398055852,287.1462707519531
2.0,4225.0,3.0,21.0,16.0,2.0,22.0,1.8153213796521617,15.803780871036533,30.0,6.104317265730983e-05,1.5526353735739378,300.9474182128906
2.0,4225.0,3.0,21.0,16.0,2.0,0.0,1.1620439999999999,16.0,29.0,0.0,1.1620439999999994,170.07290649414062
2.0,4225.0,3.0,21.0,16.0,2.0,1.0,1.1620439999999999,16.0,29.0,0.0,1.1620439999999994,190.59300231933594
2.0,4225.0,3.0,21.0,16.0,2.0,2.0,1.1620439999999999,16.0,29.0,0.0,1.1620439999999994,200.10739135742188
2.0,4225.0,3.0,21.0,16.0,2.0,3.0,1.1620439999999999,16.0,29.0,0.0,1.1620439999999994,210.37518310546875
2.0,4225.0,3.0,21.0,16.0,2.0,4.0,1.1620439999999999,16.0,29.0,2.1598277227047185e-05,1.253303972986632,227.74398803710938
2.0,4225.0,3.0,21.0,16.0,2.0,5.0,1.251899131211016,15.99587576144124,29.0,3.0778971819541136e-05,1.2917012344861003,238.26480102539062
2.0,4225.0,3.0,21.0,16.0,2.0,6.0,1.288390060999371,15.992802251205102,29.0,6.735322239800492e-05,1.446317053768015,246.3531494140625
2.0,4225.0,3.0,21.0,16.0,2.0,7.0,1.4446832719068108,15.977976159140807,30.0,0.00016107558869097468,1.9956302916544384,260.4073181152344
2.0,4225.0,3.0,21.0,16.0,2.0,8.0,1.9439989238508268,15.824540901157112,31.0,0.0001265076767975486,1.9634057400160367,276.65167236328125
2.0,4225.0,3.0,21.0,16.0,2.0,9.0,1.9533992830846123,15.882616843163655,31.0,0.00020263331455325613,2.339873794618668,279.8929748535156
2.0,4225.0,3.0,21.0,16.0,2.0,10.0,2.3063051003570103,15.803573140496832,31.0,0.00014832538579603562,2.08161200489537,284.81512451171875
2.0,4225.0,3.0,21.0,16.0,2.0,11.0,2.126404229831227,15.859012761951613,31.0,0.00015348149133445803,2.1060050801173507,286.18304443359375
2.0,4225.0,3.0,21.0,16.0,2.0,12.0,2.1043155895124843,15.846805836076125,32.0,0.00019354193449430142,2.443627064503633,297.9189147949219
2.0,4225.0,3.0,21.0,16.0,2.0,13.0,2.502753387329398,15.864483832855615,32.0,0.00024236378670719683,2.7083408223299488,296.7733154296875
2.0,4225.0,3.0,21.0,16.0,2.0,14.0,2.6962147445153306,15.801793799229898,32.0,0.00024891819913281244,2.753602344956644,296.84454345703125
2.0,4225.0,3.0,21.0,16.0,2.0,15.0,2.6424666675924353,15.681558729256006,32.0,0.00011740754319021776,2.0789528869765235,298.9593200683594
2.0,4225.0,3.0,21.0,16.0,2.0,16.0,2.0489904253139866,15.736314460024044,31.0,0.0001434977969706799,2.063823620360569,282.3022155761719
2.0,4225.0,3.0,21.0,16.0,2.0,17.0,2.0954950548636884,15.792892071803537,31.0,0.00017657296902727908,2.2260910673997913,276.9231872558594
2.0,4225.0,3.0,21.0,16.0,2.0,18.0,2.2391345944577306,15.790645272711373,30.0,0.000199032348007828,2.1864497806349874,271.4520568847656
2.0,4225.0,3.0,21.0,16.0,2.0,19.0,2.1606367863645857,15.78178555131912,30.0,0.00018814272356253262,2.131147914010201,275.864013671875
2.0,4225.0,3.0,21.0,16.0,2.0,20.0,2.141090017088054,15.799970815954097,30.0,0.00024377190351636315,2.38226768830677,279.6441345214844
2.0,4225.0,3.0,21.0,16.0,2.0,21.0,2.3657743367732436,15.759010021402188,30.0,0.00015066264576025216,1.9727032769269586,289.95452880859375
2.0,4225.0,3.0,21.0,16.0,2.0,22.0,1.9544509207505398,15.771389915909179,30.0,8.536398304853646e-05,1.6688450262593884,302.6297607421875
2.0,4225.0,3.0,21.0,16.0,2.0,0.0,1.2452953354127023,16.0,29.0,1.8396370675699948e-05,1.2391884054186557,173.4271697998047
2.0,4225.0,3.0,21.0,16.0,2.0,1.0,1.2370615295284717,15.999028860813034,29.0,1.923781191991971e-05,1.2428962680189872,191.95140075683594
2.0,4225.0,3.0,21.0,16.0,2.0,2.0,1.2389315480120653,15.995930405058637,29.0,1.4561278762862227e-05,1.2228060831756487,201.56622314453125
2.0,4225.0,3.0,21.0,16.0,2.0,3.0,1.2233647889271426,15.999426876915367,29.0,4.979716403297759e-06,1.1827640071906866,211.14527893066406
2.0,4225.0,3.0,21.0,16.0,2.0,4.0,1.1847659896917373,16.000571048240683,29.0,3.459886414130125e-05,1.3081092719958283,228.65802001953125
2.0,4225.0,3.0,21.0,16.0,2.0,5.0,1.3141274104968497,15.996316519539151,29.0,4.7856621686903756e-05,1.3637808062848045,239.30430603027344
2.0,4225.0,3.0,21.0,16.0,2.0,6.0,1.3633977781142648,15.990625797063323,29.0,8.719861622406952e-05,1.5316239015953803,247.47222900390625
2.0,4225.0,3.0,21.0,16.0,2.0,7.0,1.5025515180045246,15.95222095465054,30.0,0.0001558684404188612,1.9592106795361042,261.400634765625
2.0,4225.0,3.0,21.0,16.0,2.0,8.0,2.0023948891662577,15.958798915351666,30.0,0.00015062758145426594,1.9446894141743278,263.0657043457031
2.0,4225.0,3.0,21.0,16.0,2.0,9.0,1.9596262996687628,15.936695591908531,31.0,0.00020904628644253704,2.3603604576103474,276.4940185546875
2.0,4225.0,3.0,21.0,16.0,2.0,10.0,2.447455577845791,15.905701098671472,32.0,0.00018721242873505153,2.4165615941479337,284.2855529785156
2.0,4225.0,3.0,21.0,16.0,2.0,11.0,2.42584899588491,15.877116660077782,31.0,0.00015647627689466224,2.121764385206174,284.0620422363281
2.0,4225.0,3.0,21.0,16.0,2.0,12.0,2.1164193888833824,15.897832687176875,31.0,0.0002009029928145319,2.327651610618433,286.74871826171875
2.0,4225.0,3.0,21.0,16.0,2.0,13.0,2.374296476211352,15.902030377586538,32.0,0.00024334124497655244,2.704699412684561,294.3918151855469
2.0,4225.0,3.0,21.0,16.0,2.0,14.0,2.7366879416756404,15.853780598011742,32.0,0.00024844579606854623,2.7331172095998557,292.45050048828125
2.0,4225.0,3.0,21.0,16.0,2.0,15.0,2.804200476495309,15.943600432850126,32.0,0.00012831772494495208,2.1511538337846625,278.0193176269531
2.0,4225.0,3.0,21.0,16.0,2.0,16.0,2.0912196779472016,15.734128308084644,32.0,0.00016303122158653382,2.3000457610159994,294.5640563964844
2.0,4225.0,3.0,21.0,16.0,2.0,17.0,2.2965554547716676,15.738269338179473,31.0,0.00022146230298834802,2.4451382818288745,281.05914306640625
2.0,4225.0,3.0,21.0,16.0,2.0,18.0,2.4138336696031035,15.741794690032116,30.0,0.0002416859562685168,2.3753660934593266,274.71124267578125
2.0,4225.0,3.0,21.0,16.0,2.0,19.0,2.4044900874355655,15.810457474320478,30.0,0.0001993486693944323,2.1908402799575204,272.34375
2.0,4225.0,3.0,21.0,16.0,2.0,20.0,2.1679642640808496,15.790450172750282,30.0,0.00026653215651021667,2.4820261476653163,280.55279541015625
2.0,4225.0,3.0,21.0,16.0,2.0,21.0,2.515209660640909,15.801556320563284,30.0,0.00018487747966113827,2.1377548656121177,286.4804992675781
2.0,4225.0,3.0,21.0,16.0,2.0,22.0,2.099039778765547,15.715868820303134,30.0,9.73060747204205e-05,1.7268573556522002,305.651123046875
2.0,4225.0,3.0,21.0,16.0,2.0,0.0,1.2514319999999997,16.0,30.0,0.0,1.2514320000000028,180.8297576904297
2.0,4225.0,3.0,21.0,16.0,2.0,1.0,1.251432000000003,15.999999999999995,30.0,0.0,1.2514320000000028,196.5028076171875
2.0,4225.0,3.0,21.0,16.0,2.0,2.0,1.251432000000003,15.999999999999995,29.0,0.0,1.1620814175428573,200.7469482421875
2.0,4225.0,3.0,21.0,16.0,2.0,3.0,1.1622051584168107,15.99791399906058,29.0,0.0,1.1622175058447572,210.51138305664062
2.0,4225.0,3.0,21.0,16.0,2.0,4.0,1.1622143745852254,15.998008803287926,29.0,0.0,1.1622107232736048,226.1939697265625
2.0,4225.0,3.0,21.0,16.0,2.0,5.0,1.1622072438359223,15.998092109974404,29.0,1.3886580299393748e-05,1.221047150760329,237.05899047851562
2.0,4225.0,3.0,21.0,16.0,2.0,6.0,1.2147840144422122,15.993201445787724,29.0,3.4099923430054163e-05,1.305649679080895,244.50868225097656
2.0,4225.0,3.0,21.0,16.0,2.0,7.0,1.3081204020613524,15.993608531287686,30.0,9.50286446618267e-05,1.688419372597716,256.5860595703125
2.0,4225.0,3.0,21.0,16.0,2.0,8.0,1.6802127141388574,15.932237630851068,30.0,8.849884011537444e-05,1.6558828243388115,262.26519775390625
2.0,4225.0,3.0,21.0,16.0,2.0,9.0,1.6619529682763887,15.950452698388277,31.0,0.00015235072787364725,2.084603361272533,273.05303955078125
2.0,4225.0,3.0,21.0,16.0,2.0,10.0,2.1369586532373086,15.938216350408908,32.0,0.00011623187664182819,2.045940170642555,278.2657775878906
2.0,4225.0,3.0,21.0,16.0,2.0,11.0,2.041405249509502,15.904068341670996,32.0,9.378101994570587e-05,1.9249018248631653,283.5297546386719
2.0,4225.0,3.0,21.0,16.0,2.0,12.0,1.9453973998413763,15.931424120021742,32.0,0.00014212488604843467,2.1739549208877897,289.46429443359375
2.0,4225.0,3.0,21.0,16.0,2.0,13.0,2.2228143543572108,15.920442661527552,32.0,0.0001901385112113005,2.4255563160813223,291.55255126953125
2.0,4225.0,3.0,21.0,16.0,2.0,14.0,2.4414754209687173,15.8952105418376,32.0,0.00017633180691947002,2.361030061362732,288.6104736328125
2.0,4225.0,3.0,21.0,16.0,2.0,15.0,2.35227208934843,15.872730934997607,32.0,9.450424659329471e-05,1.9441120377616183,284.5552673339844
2.0,4225.0,3.0,21.0,16.0,2.0,16.0,1.9244728499292711,15.842223348117178,31.0,0.00011080253246489486,1.8940418708801472,273.8603820800781
2.0,4225.0,3.0,21.0,16.0,2.0,17.0,1.8850088550276825,15.861069949702376,31.0,9.850325625459094e-05,1.8341687625260155,270.7818298339844
2.0,4225.0,3.0,21.0,16.0,2.0,18.0,1.825352779453683,15.86386311892227,30.0,0.00013955601890208366,1.8956333263889849,267.2508239746094
2.0,4225.0,3.0,21.0,16.0,2.0,19.0,1.9248167201252553,15.897196886230695,30.0,0.0001523247330114108,1.956110807431786,268.626220703125
2.0,4225.0,3.0,21.0,16.0,2.0,20.0,1.9707080572531868,15.895940369220243,30.0,0.00016824751422237042,2.0312481003056972,273.7069091796875
2.0,4225.0,3.0,21.0,16.0,2.0,21.0,1.9900521356552903,15.852565776726623,30.0,0.00010943794238099849,1.7653189493763,285.79205322265625
2.0,4225.0,3.0,21.0,16.0,2.0,22.0,1.7447691303783224,15.850697036356372,30.0,6.040702877623755e-05,1.5392036534401898,298.0169677734375
2.0,4225.0,3.0,21.0,16.0,2.0,0.0,1.3341648192383337,16.0,30.0,1.7021572102386588e-05,1.328168333252825,183.70509338378906
2.0,4225.0,3.0,21.0,16.0,2.0,1.0,1.3299997930710963,16.001078687071406,29.0,1.4700011740372097e-05,1.223984182585984,192.2333221435547
2.0,4225.0,3.0,21.0,16.0,2.0,2.0,1.2238858251668303,15.996072077758896,29.0,1.0475485380294982e-06,1.1665088996764825,200.82861328125
2.0,4225.0,3.0,21.0,16.0,2.0,3.0,1.1667590818574123,15.996286606169388,30.0,2.214003758977137e-05,1.3538400672709574,224.3012237548828
2.0,4225.0,3.0,21.0,16.0,2.0,4.0,1.359718182121155,15.988467972002038,29.0,6.803666448251944e-06,1.192852084698946,226.6722869873047
2.0,4225.0,3.0,21.0,16.0,2.0,5.0,1.1917114325311966,15.977280440017866,29.0,4.1534822219504185e-05,1.3402233738092133,240.3459014892578
2.0,4225.0,3.0,21.0,16.0,2.0,6.0,1.3299584908823832,15.964562953624727,29.0,4.0849354076403513e-05,1.3355462273575873,246.3549346923828
2.0,4225.0,3.0,21.0,16.0,2.0,7.0,1.338356261957931,15.97412538243899,30.0,0.00011044995707540231,1.7630098243513896,258.5002746582031
2.0,4225.0,3.0,21.0,16.0,2.0,8.0,1.7360457250455887,15.893035006743384,25.0,0.0001064698683832195,1.142954899638541,240.87429809570312
2.0,4225.0,3.0,21.0,16.0,2.0,9.0,1.1644468400417687,15.830013312596144,25.0,0.00015023229973999507,1.2685687455147614,244.4586181640625
2.0,4225.0,3.0,21.0,16.0,2.0,10.0,1.2620998413451638,15.798736370111529,25.0,0.00012463784916372705,1.189234529496654,240.99290466308594
2.0,4225.0,3.0,21.0,16.0,2.0,11.0,1.2078090027661035,15.824055441144395,25.0,0.00010083099328685565,1.120053108958354,236.57501220703125
2.0,4225.0,3.0,21.0,16.0,2.0,12.0,1.1351907738518239,15.821075964701237,27.0,0.00016249752638242205,1.5967068700218772,252.24923706054688
2.0,4225.0,3.0,21.0,16.0,2.0,13.0,1.599870105015123,15.746874535713845,27.0,0.00021867295942117477,1.7927418013425824,254.43524169921875
2.0,4225.0,3.0,21.0,16.0,2.0,14.0,1.8602296362996864,15.802953326170964,28.0,0.00020299727971202484,1.8970040635091323,256.79229736328125
2.0,4225.0,3.0,21.0,16.0,2.0,15.0,1.9423714328252333,15.779516861209494,28.0,0.0001305676128019302,1.6174794639182588,257.25872802734375
2.0,4225.0,3.0,21.0,16.0,2.0,16.0,1.6378596644463337,15.75361621915602,29.0,0.00012732796777211846,1.729487093858792,266.1120910644531
2.0,4225.0,3.0,21.0,16.0,2.0,17.0,1.7237083025737718,15.741067053930719,29.0,0.00011150709996887465,1.6582412590512028,268.62353515625
2.0,4225.0,3.0,21.0,16.0,2.0,18.0,1.6989464889763006,15.779560307426241,29.0,0.00015131702213463537,1.8312314014751674,269.59271240234375
2.0,4225.0,3.0,21.0,16.0,2.0,19.0,1.8109812622974535,15.74325963467651,29.0,0.00016211445550389875,1.868436564375432,276.7214050292969
2.0,4225.0,3.0,21.0,16.0,2.0,20.0,1.9436766359423687,15.824927647454162,25.0,0.000179403436219287,1.3819788983074242,288.9269714355469
2.0,4225.0,3.0,21.0,16.0,2.0,21.0,1.398590365028848,15.72288232537586,25.0,0.00013354575210930035,1.2345691521278426,307.6922912597656
2.0,4225.0,3.0,21.0,16.0,2.0,22.0,1.2204424753995338,15.69100499655712,25.0,6.538876411414085e-05,1.0268382152870512,320.91290283203125
2.0,4225.0,3.0,21.0,16.0,2.0,0.0,0.9263291715652843,16.0,26.0,1.2134645583511552e-05,0.9330338647626459,51.965118408203125
2.0,4225.0,3.0,21.0,16.0,2.0,1.0,0.9332126997643739,15.999798212565358,26.0,2.728439524741415e-05,0.9824598537225963,109.96163177490234
2.0,4225.0,3.0,21.0,16.0,2.0,2.0,0.9783913571329876,15.99387420085662,27.0,1.91113190041636e-05,1.05112093991054,182.13540649414062
2.0,4225.0,3.0,21.0,16.0,2.0,3.0,1.0564436604817578,15.999228400569807,27.0,3.5378842847513183e-05,1.1098956118170478,196.426513671875
2.0,4225.0,3.0,21.0,16.0,2.0,4.0,1.1062708724740054,15.990709481760163,27.0,8.517425452123735e-06,1.0142518660640458,211.51602172851562
2.0,4225.0,3.0,21.0,16.0,2.0,5.0,1.015165684279768,15.990956322782386,27.0,4.26547907263903e-05,1.13630724189755,225.60804748535156
2.0,4225.0,3.0,21.0,16.0,2.0,6.0,1.135430210335169,15.986412784966138,26.0,5.577641334490982e-05,1.0763007038085868,232.1073455810547
2.0,4225.0,3.0,21.0,16.0,2.0,7.0,1.0666917565189964,15.977101311958336,26.0,0.00010813962234746123,1.245675049964234,243.15924072265625
2.0,4225.0,3.0,21.0,16.0,2.0,8.0,1.2419855517154896,15.966032435432988,26.0,0.00013641689867397637,1.3349506950407455,246.9414520263672
2.0,4225.0,3.0,21.0,16.0,2.0,9.0,1.3665034682133606,15.997765588069832,26.0,0.00015420806442174487,1.3985112464435931,242.2478790283203
2.0,4225.0,3.0,21.0,16.0,2.0,10.0,1.3912579738010808,15.956303115029172,25.0,0.0001507507585360158,1.2498079631385741,230.74269104003906
2.0,4225.0,3.0,21.0,16.0,2.0,11.0,1.2470526334374241,15.957159409619408,26.0,0.00015322484296721064,1.3924448591960448,236.490966796875
2.0,4225.0,3.0,21.0,16.0,2.0,12.0,1.4174924784332934,15.96333282888843,26.0,0.00011582003933976865,1.2779189975787486,233.5935821533203
2.0,4225.0,3.0,21.0,16.0,2.0,13.0,1.2564303319731585,15.93485240497346,26.0,0.00010037146566218471,1.2234882391136903,237.775146484375
2.0,4225.0,3.0,21.0,16.0,2.0,14.0,1.2150347374019372,15.94595869219337,26.0,0.00011829344502490194,1.282673050649846,239.01075744628906
2.0,4225.0,3.0,21.0,16.0,2.0,15.0,1.256582344433084,15.928282471152198,26.0,0.0001512785940081123,1.3881729810130805,241.23638916015625
2.0,4225.0,3.0,21.0,16.0,2.0,16.0,1.37531385726053,15.927291220401688,26.0,0.00019374476237970354,1.5248991783956776,243.44891357421875
2.0,4225.0,3.0,21.0,16.0,2.0,17.0,1.5338099713363433,15.939318901347127,27.0,0.0001664227498346084,1.5822528895619705,248.3844757080078
2.0,4225.0,3.0,21.0,16.0,2.0,18.0,1.5769447895890276,15.93932914936733,27.0,9.621834153493849e-05,1.3369127588500922,255.4449462890625
2.0,4225.0,3.0,21.0,16.0,2.0,19.0,1.3475609546436171,15.937486607843205,27.0,6.937667937587139e-05,1.2383587038037707,267.42279052734375
2.0,4225.0,3.0,21.0,16.0,2.0,20.0,1.249178168823587,15.94087691728985,27.0,6.521342190749807e-05,1.2227022391348277,279.10382080078125
2.0,4225.0,3.0,21.0,16.0,2.0,21.0,1.2298595615630394,15.938436362297105,27.0,4.61595927104449e-05,1.1548181861065607,289.9622802734375
2.0,4225.0,3.0,21.0,16.0,2.0,22.0,1.1545890095152056,15.931034711536093,27.0,3.009862123698033e-05,1.0962782641563216,301.49609375
2.0,4225.0,3.0,21.0,16.0,2.0,0.0,0.9832679999999998,16.0,27.0,0.0,0.9832680000000006,91.76045989990234
2.0,4225.0,3.0,21.0,16.0,2.0,1.0,0.9832680000000004,16.0,27.0,0.0,0.9832680000000005,158.6380615234375
2.0,4225.0,3.0,21.0,16.0,2.0,2.0,0.9832680000000004,16.0,27.0,0.0,0.9832680000000005,180.81307983398438
2.0,4225.0,3.0,21.0,16.0,2.0,3.0,0.9832680000000004,16.0,27.0,0.0,0.9832680000000005,194.19044494628906
2.0,4225.0,3.0,21.0,16.0,2.0,4.0,0.9832680000000004,16.0,27.0,3.0137594529518237e-05,1.091416606917855,211.5154266357422
2.0,4225.0,3.0,21.0,16.0,2.0,5.0,1.0872554801358254,15.990415844248131,27.0,3.675816927790683e-05,1.1136428669430127,224.79534912109375
2.0,4225.0,3.0,21.0,16.0,2.0,6.0,1.1193185179907306,15.998690149607835,28.0,4.5918564443544906e-05,1.25248485950996,240.19271850585938
2.0,4225.0,3.0,21.0,16.0,2.0,7.0,1.2513239647706171,15.984407537539195,25.0,0.00010827092447128669,1.123451979246131,237.14691162109375
2.0,4225.0,3.0,21.0,16.0,2.0,8.0,1.1059483912703032,15.963568186464324,25.0,0.0001506859199780188,1.2438747968462056,238.9949493408203
2.0,4225.0,3.0,21.0,16.0,2.0,9.0,1.2415691154169954,15.974221008234224,26.0,0.00015913799209446973,1.4116818380904805,244.29708862304688
2.0,4225.0,3.0,21.0,16.0,2.0,10.0,1.4184121915615744,15.958569011957254,26.0,0.00015658535019856675,1.405262521211862,241.13238525390625
2.0,4225.0,3.0,21.0,16.0,2.0,11.0,1.3987422008095343,15.952453164641991,25.0,0.00011974108117930592,1.1641474313011242,228.98316955566406
2.0,4225.0,3.0,21.0,16.0,2.0,12.0,1.1414459078178565,15.917720256898612,25.0,0.00012419311285004553,1.171389853325656,233.11524963378906
2.0,4225.0,3.0,21.0,16.0,2.0,13.0,1.1702284213279024,15.933817793548299,25.0,0.00012203869620896724,1.1668226915278035,234.37083435058594
2.0,4225.0,3.0,21.0,16.0,2.0,14.0,1.1483504350336262,15.924877210906999,25.0,0.00010985048263689921,1.1295096176407504,235.961669921875
2.0,4225.0,3.0,21.0,16.0,2.0,15.0,1.121777807066432,15.939318039073445,26.0,0.00016967894739206027,1.4546761744942038,241.42027282714844
2.0,4225.0,3.0,21.0,16.0,2.0,16.0,1.4325387468885784,15.880512658011048,26.0,0.00014999743442808028,1.3890794217445765,245.64952087402344
2.0,4225.0,3.0,21.0,16.0,2.0,17.0,1.3889999755862734,15.912140113868483,27.0,0.00016251725056952145,1.5733154673006784,250.7698516845703
2.0,4225.0,3.0,21.0,16.0,2.0,18.0,1.555567699132125,15.888159478757695,27.0,0.00014823297408474623,1.5227649185382806,259.7793884277344
2.0,4225.0,3.0,21.0,16.0,2.0,19.0,1.5150759667656155,15.897747649109993,27.0,8.130461393334182e-05,1.2861616158269114,269.3277587890625
2.0,4225.0,3.0,21.0,16.0,2.0,20.0,1.2824059875478866,15.897966537810435,27.0,8.093137193780194e-05,1.280975698650183,282.3403625488281
2.0,4225.0,3.0,21.0,16.0,2.0,21.0,1.3013118114745865,15.913601454010367,27.0,4.9210499359642664e-05,1.1696453052653937,291.1436462402344
2.0,4225.0,3.0,21.0,16.0,2.0,22.0,1.171427247272759,15.901979004220484,27.0,7.445430377831471e-05,1.2573775717927522,304.3830261230469
2.0,4225.0,3.0,21.0,16.0,2.0,0.0,1.016933876287756,16.0,27.0,8.08758308571268e-06,1.0120700881951838,93.80042266845703
2.0,4225.0,3.0,21.0,16.0,2.0,1.0,1.008574258928331,15.997921735854721,27.0,2.350207025698972e-05,1.0666490664269555,162.89382934570312
2.0,4225.0,3.0,21.0,16.0,2.0,2.0,1.0705025675485582,16.000950435765795,27.0,2.265510829582513e-05,1.0640381525276292,181.81741333007812
2.0,4225.0,3.0,21.0,16.0,2.0,3.0,1.0634419976109186,15.997224457117678,27.0,3.206155847846136e-05,1.0971295506679921,196.42979431152344
2.0,4225.0,3.0,21.0,16.0,2.0,4.0,1.0992005005751324,15.998608734023113,27.0,2.302123294908821e-05,1.0650323912227837,211.70497131347656
2.0,4225.0,3.0,21.0,16.0,2.0,5.0,1.0681408648071813,16.000329761411376,27.0,4.010273535626653e-05,1.12611598845535,224.5220489501953
2.0,4225.0,3.0,21.0,16.0,2.0,6.0,1.1302077514542188,15.99823341596792,27.0,4.169206071329679e-05,1.1315826283877173,235.0238037109375
2.0,4225.0,3.0,21.0,16.0,2.0,7.0,1.1356712961654045,15.999252137697383,27.0,0.0001257081706602097,1.4352266031935377,246.4652099609375
2.0,4225.0,3.0,21.0,16.0,2.0,8.0,1.4344909037332372,15.955704788762569,27.0,9.006527740904732e-05,1.309193877428194,250.4369659423828
2.0,4225.0,3.0,21.0,16.0,2.0,9.0,1.3194335484581738,15.960168578988766,27.0,0.00015747439598785346,1.5490564280273618,254.2656707763672
2.0,4225.0,3.0,21.0,16.0,2.0,10.0,1.576709466404924,15.948586698140025,27.0,0.00013849917140032532,1.4885775391193996,250.99276733398438
2.0,4225.0,3.0,21.0,16.0,2.0,11.0,1.4585526687482147,15.902962931607489,27.0,0.00010960107380007453,1.3809951667087605,249.6466064453125
2.0,4225.0,3.0,21.0,16.0,2.0,12.0,1.3594341155676506,15.914401722239822,27.0,0.0001653582908997471,1.5799608147586646,244.88270568847656
2.0,4225.0,3.0,21.0,16.0,2.0,13.0,1.5610559031769886,15.892003724282512,27.0,0.00021416505512021088,1.7537393365581044,244.93336486816406
2.0,4225.0,3.0,21.0,16.0,2.0,14.0,1.7373691370999949,15.894331934038052,26.0,0.0001779399314724429,1.4898006523493614,241.11688232421875
2.0,4225.0,3.0,21.0,16.0,2.0,15.0,1.436201358709079,15.875290630962523,26.0,0.00013022225191978247,1.3249093325239603,243.47215270996094
2.0,4225.0,3.0,21.0,16.0,2.0,16.0,1.3727439889800945,15.930327509587423,27.0,0.00012829163472803906,1.4526176794020231,246.76382446289062
2.0,4225.0,3.0,21.0,16.0,2.0,17.0,1.4703037267403791,15.903531876848666,27.0,0.00013709392452604258,1.4804284320797014,250.5648193359375
2.0,4225.0,3.0,21.0,16.0,2.0,18.0,1.5130509909398169,15.933002533816246,27.0,0.0001674574314422273,1.5894465211189923,257.458984375
2.0,4225.0,3.0,21.0,16.0,2.0,19.0,1.6214256695195286,15.935524765506043,27.0,0.00014807387462676425,1.5256625396436183,267.6203918457031
2.0,4225.0,3.0,21.0,16.0,2.0,20.0,1.515978090206082,15.89398547282008,27.0,0.00021932694750399884,1.7756277185931015,283.7291259765625
2.0,4225.0,3.0,21.0,16.0,2.0,21.0,1.7568033434653192,15.870986441173681,27.0,0.00011812319004251686,1.423981778683886,292.6164855957031
2.0,4225.0,3.0,21.0,16.0,2.0,22.0,1.4463648162804879,15.887261061995131,27.0,5.9523822028460525e-05,1.2145982860647007,303.46630859375
2.0,4225.0,3.0,21.0,16.0,2.0,0.0,1.072656,16.0,28.0,0.0,1.0726560000000003,147.14122009277344
2.0,4225.0,3.0,21.0,16.0,2.0,1.0,1.072656,16.0,28.0,0.0,1.0726560000000003,176.7429656982422
2.0,4225.0,3.0,21.0,16.0,2.0,2.0,1.072656,16.0,28.0,0.0,1.0726560000000003,192.4777069091797
2.0,4225.0,3.0,21.0,16.0,2.0,3.0,1.072656,16.0,28.0,0.0,1.0726560000000003,202.7213592529297
2.0,4225.0,3.0,21.0,16.0,2.0,4.0,1.072656,16.0,28.0,2.365941893621651e-05,1.164925446411188,215.45916748046875
2.0,4225.0,3.0,21.0,16.0,2.0,5.0,1.164692637164357,15.996362113145363,27.0,5.087655506650279e-05,1.1634036594103625,224.88475036621094
2.0,4225.0,3.0,21.0,16.0,2.0,6.0,1.1784545748927833,16.006918980563896,26.0,7.271152828421252e-05,1.1302284413661503,231.51873779296875
2.0,4225.0,3.0,21.0,16.0,2.0,7.0,1.1186124111057967,15.988329112447811,27.0,0.00016912679450722208,1.595896492438666,249.06158447265625
2.0,4225.0,3.0,21.0,16.0,2.0,8.0,1.586790805370102,15.902135152577939,27.0,0.00016620593671499157,1.587501522898073,256.5953063964844
2.0,4225.0,3.0,21.0,16.0,2.0,9.0,1.5690798304968652,15.874755997317404,28.0,0.00016634207272253967,1.727497786438099,266.4324645996094
2.0,4225.0,3.0,21.0,16.0,2.0,10.0,1.7066439352605267,15.873532615618876,28.0,0.00016265157107243512,1.7090715289174432,265.75445556640625
2.0,4225.0,3.0,21.0,16.0,2.0,11.0,1.7486810024192463,15.958418327844168,29.0,0.000146892512918237,1.791811145992446,266.12042236328125
2.0,4225.0,3.0,21.0,16.0,2.0,12.0,1.7929827671813785,15.916355244190406,28.0,0.00013411469016338313,1.6061565758572254,254.00668334960938
2.0,4225.0,3.0,21.0,16.0,2.0,13.0,1.6256546433017818,15.919607798402359,28.0,0.00013306111781080158,1.6006379486917408,249.5315704345703
2.0,4225.0,3.0,21.0,16.0,2.0,14.0,1.5901850748897288,15.904904765209686,30.0,0.00013998595169879233,1.8942114956503073,268.82440185546875
2.0,4225.0,3.0,21.0,16.0,2.0,15.0,1.9112076551094668,15.894452773812512,29.0,0.00019899507285644612,2.0117296847286945,256.6128845214844
2.0,4225.0,3.0,21.0,16.0,2.0,16.0,2.0081809512949147,15.896210225870007,28.0,0.0001813961155792761,1.797259451901105,251.26754760742188
2.0,4225.0,3.0,21.0,16.0,2.0,17.0,1.7976167107352137,15.895217762110923,29.0,0.00018567181667890738,1.9569099583628453,259.1773986816406
2.0,4225.0,3.0,21.0,16.0,2.0,18.0,1.9433041279712688,15.87611856433339,29.0,0.00014216982167464612,1.7776747871505985,261.3389587402344
2.0,4225.0,3.0,21.0,16.0,2.0,19.0,1.7662665162555715,15.885424740112338,29.0,8.606984233438206e-05,1.540018413563523,265.81317138671875
2.0,4225.0,3.0,21.0,16.0,2.0,20.0,1.5636065894589275,15.886482219549611,29.0,8.080309069063372e-05,1.5155109209154551,277.712646484375
2.0,4225.0,3.0,21.0,16.0,2.0,21.0,1.520232271417648,15.88151065566288,29.0,4.7274641690715546e-05,1.3731021425269567,289.055419921875
2.0,4225.0,3.0,21.0,16.0,2.0,22.0,1.3753330527594965,15.886596886571857,29.0,5.8824524328021117e-05,1.4213592117336729,299.71600341796875
2.0,4225.0,3.0,21.0,16.0,2.0,0.0,1.2336420874237664,16.0,29.0,1.872504228371781e-05,1.2405093243672147,173.3323974609375
2.0,4225.0,3.0,21.0,16.0,2.0,1.0,1.2438622201125966,16.000481793342296,29.0,1.9859831640182833e-05,1.245246821641621,191.93739318847656
2.0,4225.0,3.0,21.0,16.0,2.0,2.0,1.2465152556864862,16.001249106710656,29.0,1.4558373519299112e-05,1.2232806753717969,201.31349182128906
2.0,4225.0,3.0,21.0,16.0,2.0,3.0,1.2237397835953157,15.997888334931519,29.0,4.980435650139706e-06,1.1827578323253054,211.24749755859375
2.0,4225.0,3.0,21.0,16.0,2.0,4.0,1.1836712232359827,15.99946721828453,29.0,3.500379592541222e-05,1.3102009472465472,228.7852783203125
2.0,4225.0,3.0,21.0,16.0,2.0,5.0,1.3022763258151997,15.989755167472834,29.0,4.816401702105034e-05,1.364898250064709,239.8002166748047
2.0,4225.0,3.0,21.0,16.0,2.0,6.0,1.3630342000868203,15.98753480808651,29.0,8.533257878756601e-05,1.520881558029924,247.51454162597656
2.0,4225.0,3.0,21.0,16.0,2.0,7.0,1.5233646089482749,15.991886898529767,29.0,0.00016249366306815978,1.8514172760289433,255.20741271972656
2.0,4225.0,3.0,21.0,16.0,2.0,8.0,1.8294713754552683,15.921331869287622,30.0,0.0001491832722547234,1.9320791820955594,265.91717529296875
2.0,4225.0,3.0,21.0,16.0,2.0,9.0,1.9289796035864408,15.914469185624249,29.0,0.00021802963979747271,2.0839116530001056,269.58465576171875
2.0,4225.0,3.0,21.0,16.0,2.0,10.0,2.0882805980797525,15.899504390034032,31.0,0.00019598944856440847,2.2921707025983804,281.881103515625
2.0,4225.0,3.0,21.0,16.0,2.0,11.0,2.324486696748984,15.95427241243906,31.0,0.00015855958276010283,2.123982734895727,279.2054443359375
2.0,4225.0,3.0,21.0,16.0,2.0,12.0,2.156494650693414,15.9453295798016,31.0,0.00020375935667718117,2.3408788043470934,283.2776184082031
2.0,4225.0,3.0,21.0,16.0,2.0,13.0,2.3269564288320987,15.87581287411144,30.0,0.00024795380362713324,2.383912362124391,274.76458740234375
2.0,4225.0,3.0,21.0,16.0,2.0,14.0,2.3956859452617865,15.899900940484143,30.0,0.0002492865987976386,2.394080829126814,268.60595703125
2.0,4225.0,3.0,21.0,16.0,2.0,15.0,2.3794818985137924,15.890040778438413,30.0,0.0001273188728522629,1.8563624123571707,261.7561950683594
2.0,4225.0,3.0,21.0,16.0,2.0,16.0,1.858999326710773,15.878503302671504,30.0,0.00016471631703025193,2.014764759482471,263.6766357421875
2.0,4225.0,3.0,21.0,16.0,2.0,17.0,2.0576040305666763,15.866387264008992,30.0,0.00022306335957187427,2.2841920193511362,265.2225036621094
2.0,4225.0,3.0,21.0,16.0,2.0,18.0,2.2612461456953628,15.802055819692669,30.0,0.0002448926309365916,2.3793717938756505,271.2765197753906
2.0,4225.0,3.0,21.0,16.0,2.0,19.0,2.391570865609402,15.834953105698228,29.0,0.00019745204187789894,2.029853895704499,267.5831298828125
2.0,4225.0,3.0,21.0,16.0,2.0,20.0,1.9895821694042148,15.802424502717704,30.0,0.00026725916945952773,2.4898795812078585,280.9351806640625
2.0,4225.0,3.0,21.0,16.0,2.0,21.0,2.465062910129536,15.72860755440727,29.0,0.00017819780655976895,1.9685205731576674,294.61114501953125
2.0,4225.0,3.0,21.0,16.0,2.0,22.0,1.9272370250432616,15.667449562640696,29.0,9.860644134027499e-05,1.6155367888244807,312.93182373046875
2.0,4225.0,3.0,21.0,16.0,2.0,0.0,1.1620439999999999,16.0,29.0,0.0,1.1620439999999994,170.07290649414062
2.0,4225.0,3.0,21.0,16.0,2.0,1.0,1.1620439999999999,16.0,29.0,0.0,1.1620439999999994,190.59300231933594
2.0,4225.0,3.0,21.0,16.0,2.0,2.0,1.1620439999999999,16.0,29.0,0.0,1.1620439999999994,200.10739135742188
2.0,4225.0,3.0,21.0,16.0,2.0,3.0,1.1620439999999999,16.0,29.0,0.0,1.1620439999999994,210.37518310546875
2.0,4225.0,3.0,21.0,16.0,2.0,4.0,1.1620439999999999,16.0,29.0,0.0,1.1620439999999994,226.04078674316406
2.0,4225.0,3.0,21.0,16.0,2.0,5.0,1.1620439999999999,16.0,26.0,1.650086279794282e-05,0.9486402056248756,220.75027465820312
2.0,4225.0,3.0,21.0,16.0,2.0,6.0,0.9522174102770569,15.987993207629394,26.0,4.458939907035727e-05,1.0398532189433416,231.98277282714844
2.0,4225.0,3.0,21.0,16.0,2.0,7.0,1.0495428131260625,15.987294264527726,27.0,0.00010062066896332294,1.3485293721739142,246.43838500976562
2.0,4225.0,3.0,21.0,16.0,2.0,8.0,1.340153548980503,15.943587318593117,28.0,0.00011751981875734778,1.5335882749685141,256.48504638671875
2.0,4225.0,3.0,21.0,16.0,2.0,9.0,1.5615785840876975,15.947242434994692,29.0,0.00012636951674077203,1.6996485837497552,263.847412109375
2.0,4225.0,3.0,21.0,16.0,2.0,10.0,1.71315300909527,15.938800982048532,28.0,0.0001261253511076326,1.5727235558429553,260.39837646484375
2.0,4225.0,3.0,21.0,16.0,2.0,11.0,1.5711775035810476,15.923046003906089,28.0,0.00011315712308733072,1.5191822416942606,258.7476501464844
2.0,4225.0,3.0,21.0,16.0,2.0,12.0,1.5280880954940013,15.93253551015957,29.0,0.0001023629874697658,1.5997296291180185,263.91387939453125
2.0,4225.0,3.0,21.0,16.0,2.0,13.0,1.598135298690945,15.925172451916739,29.0,0.00010058810858888553,1.5914332259706092,259.1159973144531
2.0,4225.0,3.0,21.0,16.0,2.0,14.0,1.5907641621754662,15.936354085240168,29.0,9.393216913390475e-05,1.563387009514685,254.41497802734375
2.0,4225.0,3.0,21.0,16.0,2.0,15.0,1.5746737894050962,15.943882413651972,30.0,0.00014475646530714149,1.914464055486744,262.41839599609375
2.0,4225.0,3.0,21.0,16.0,2.0,16.0,1.9488781196659193,15.930958648067497,30.0,0.00014111493006727503,1.9070959428192023,259.2560729980469
2.0,4225.0,3.0,21.0,16.0,2.0,17.0,1.893257273155672,15.868682170280445,30.0,0.00012784363355319774,1.8390777952110937,263.96453857421875
2.0,4225.0,3.0,21.0,16.0,2.0,18.0,1.848751088085407,15.91938996402271,29.0,9.712018658338812e-05,1.5877143297137735,258.3557434082031
2.0,4225.0,3.0,21.0,16.0,2.0,19.0,1.5702204408314702,15.881421124245525,29.0,5.074605832718806e-05,1.3871171175956418,266.6890563964844
2.0,4225.0,3.0,21.0,16.0,2.0,20.0,1.3843395645243808,15.887622131712034,29.0,3.8853752370168915e-05,1.3360025525187025,277.72991943359375
2.0,4225.0,3.0,21.0,16.0,2.0,21.0,1.3292419590565852,15.888105225916645,29.0,2.7642028610044717e-05,1.2871360309759887,289.9748229980469
2.0,4225.0,3.0,21.0,16.0,2.0,22.0,1.2902328556632345,15.901379068219589,29.0,2.220898974682173e-05,1.2642333032945774,298.68304443359375
2.0,4225.0,3.0,21.0,16.0,2.0,0.0,1.1620439999999999,16.0,29.0,0.0,1.1620439999999994,170.07290649414062
2.0,4225.0,3.0,21.0,16.0,2.0,1.0,1.1620439999999999,16.0,29.0,8.442037745882572e-07,1.1655905492635552,190.63026428222656
2.0,4225.0,3.0,21.0,16.0,2.0,2.0,1.1657609439287733,16.000056464531315,29.0,1.1597781255051679e-05,1.2107885514649483,200.66648864746094
2.0,4225.0,3.0,21.0,16.0,2.0,3.0,1.2117027954562423,16.00073304327464,29.0,1.0011587449745554e-05,1.204027810129078,211.08924865722656
2.0,4225.0,3.0,21.0,16.0,2.0,4.0,1.208319604476636,16.001656757122493,29.0,1.4908348901521595e-05,1.224890948127646,226.9431915283203
2.0,4225.0,3.0,21.0,16.0,2.0,5.0,1.2230280008411851,15.998516182852963,29.0,2.693475072242949e-05,1.275384734221726,237.8314666748047
2.0,4225.0,3.0,21.0,16.0,2.0,6.0,1.2734058935644166,15.996080655072555,29.0,4.797882135011314e-05,1.363530898770671,244.99774169921875
2.0,4225.0,3.0,21.0,16.0,2.0,7.0,1.3707281745401705,15.99753877059884,29.0,0.0001090497110905353,1.622475209588622,252.59494018554688
2.0,4225.0,3.0,21.0,16.0,2.0,8.0,1.6306828993169646,15.969157938224848,29.0,0.00011874346477170066,1.661858699310775,257.85089111328125
2.0,4225.0,3.0,21.0,16.0,2.0,9.0,1.6874890642719031,15.989162055124162,29.0,0.00014084136407956828,1.7576257345368045,261.4754333496094
2.0,4225.0,3.0,21.0,16.0,2.0,10.0,1.7737058952917018,15.961847266514305,30.0,0.00013468041098309736,1.8627588970962872,270.68524169921875
2.0,4225.0,3.0,21.0,16.0,2.0,11.0,1.8791407209490805,15.968422157777086,30.0,0.0001439186625613711,1.9079200946932873,272.85723876953125
2.0,4225.0,3.0,21.0,16.0,2.0,12.0,1.8954605152982031,15.944408116790594,28.0,0.00013671461966645253,1.6166923308163874,251.84393310546875
2.0,4225.0,3.0,21.0,16.0,2.0,13.0,1.5848201295284492,15.907447337779875,30.0,0.00012386794428167528,1.8166873782008577,272.11993408203125
2.0,4225.0,3.0,21.0,16.0,2.0,14.0,1.8227332302284855,15.922528983080605,30.0,0.00010240093491170264,1.7246535289173144,265.2367858886719
2.0,4225.0,3.0,21.0,16.0,2.0,15.0,1.7111325960419912,15.917763473420658,30.0,0.00017393844183467478,2.0469851937237764,264.4356994628906
2.0,4225.0,3.0,21.0,16.0,2.0,16.0,2.0782464324143723,15.886158674162214,30.0,0.0001722860565605802,2.0438269893708623,262.5164489746094
2.0,4225.0,3.0,21.0,16.0,2.0,17.0,2.063143119052206,15.902994842965796,30.0,0.00015098807563188103,1.9496222447411011,261.3258361816406
2.0,4225.0,3.0,21.0,16.0,2.0,18.0,1.9532883777437204,15.900158695178172,29.0,0.00010981038653003077,1.6432584974774727,259.19049072265625
2.0,4225.0,3.0,21.0,16.0,2.0,19.0,1.637674175414976,15.876353180452313,29.0,7.530275481805377e-05,1.4928947435314632,267.0168762207031
2.0,4225.0,3.0,21.0,16.0,2.0,20.0,1.4863738940279136,15.873260369600262,29.0,6.38184032771865e-05,1.4424170743654245,278.71728515625
2.0,4225.0,3.0,21.0,16.0,2.0,21.0,1.4383222838325236,15.876036870171507,29.0,3.540014220228754e-05,1.321421456482818,289.98760986328125
2.0,4225.0,3.0,21.0,16.0,2.0,22.0,1.3211410087622815,15.887664948040715,29.0,5.1735135829971e-05,1.3903730600928277,299.95977783203125
2.0,4225.0,3.0,21.0,16.0,2.0,0.0,1.1620439999999999,16.0,29.0,0.0,1.1620439999999994,170.07290649414062
2.0,4225.0,3.0,21.0,16.0,2.0,1.0,1.1620439999999999,16.0,29.0,5.490300786758391e-06,1.1852105135514701,190.83648681640625
2.0,4225.0,3.0,21.0,16.0,2.0,2.0,1.185218356019237,15.998982078574628,29.0,1.1308703017756998e-05,1.20946549785942,200.854248046875
2.0,4225.0,3.0,21.0,16.0,2.0,3.0,1.2110562785910892,16.000150504128673,28.0,2.599147258778989e-05,1.1732642474213384,205.40625
2.0,4225.0,3.0,21.0,16.0,2.0,4.0,1.1760314435044301,16.000143697445385,28.0,3.240618685866949e-05,1.1985416031591405,216.49330139160156
2.0,4225.0,3.0,21.0,16.0,2.0,5.0,1.1959196684554514,15.995035009699833,28.0,2.200061350523017e-05,1.157475738992924,228.7301483154297
2.0,4225.0,3.0,21.0,16.0,2.0,6.0,1.1599630789128241,16.001056031932148,29.0,7.783497058790571e-05,1.4965806375703865,247.0049285888672
2.0,4225.0,3.0,21.0,16.0,2.0,7.0,1.4793919375423041,15.933935445174438,29.0,9.752172512164985e-05,1.5762223375288926,255.60647583007812
2.0,4225.0,3.0,21.0,16.0,2.0,8.0,1.5462585106418092,15.930419121916957,29.0,0.00010960511928692312,1.6246173306025815,260.1095886230469
2.0,4225.0,3.0,21.0,16.0,2.0,9.0,1.6352937176401274,15.961688513614478,30.0,0.00015424883212638538,1.9571988113170424,268.32342529296875
2.0,4225.0,3.0,21.0,16.0,2.0,10.0,1.9557061375608031,15.907722887045608,31.0,0.00012285405142569642,1.9452130197331088,277.20184326171875
2.0,4225.0,3.0,21.0,16.0,2.0,11.0,1.9456077710390025,15.915147003559639,31.0,0.00010679127760444021,1.8687434403709988,279.8575134277344
2.0,4225.0,3.0,21.0,16.0,2.0,12.0,1.8575231738989277,15.906981326993405,32.0,0.00017173403850182046,2.326704249003097,293.29925537109375
2.0,4225.0,3.0,21.0,16.0,2.0,13.0,2.350446490496875,15.879558651854612,31.0,0.00023061499807999997,2.4732412610806276,284.7555236816406
2.0,4225.0,3.0,21.0,16.0,2.0,14.0,2.514781145552474,15.904164735587115,31.0,0.0001798797830577246,2.2475678374457653,277.04656982421875
2.0,4225.0,3.0,21.0,16.0,2.0,15.0,2.1823804534671853,15.810461928002757,31.0,0.00014252783180041762,2.0491115885570563,280.0655517578125
2.0,4225.0,3.0,21.0,16.0,2.0,16.0,2.0431389066460315,15.863992957180129,30.0,0.00012637443762396328,1.8450976903317855,263.27996826171875
2.0,4225.0,3.0,21.0,16.0,2.0,17.0,1.8262151348162947,15.841336272086997,30.0,0.00010597998246772809,1.744022335785271,265.7222900390625
2.0,4225.0,3.0,21.0,16.0,2.0,18.0,1.7718268744823051,15.890607856281173,30.0,0.00013720405679048798,1.8881334742456537,265.6567077636719
2.0,4225.0,3.0,21.0,16.0,2.0,19.0,1.8944849514638387,15.866733486572725,30.0,0.0001872674162407361,2.1174024027643603,271.52984619140625
2.0,4225.0,3.0,21.0,16.0,2.0,20.0,2.083815496127619,15.804991910280897,29.0,0.00018342294950005958,1.9540216782214677,280.9581298828125
2.0,4225.0,3.0,21.0,16.0,2.0,21.0,1.9279397126858167,15.832868997887424,29.0,0.00013562768393337042,1.749711877591393,290.34228515625
2.0,4225.0,3.0,21.0,16.0,2.0,22.0,1.7467477372179956,15.873325120129705,29.0,8.496148716548679e-05,1.5385081738541528,298.6970520019531
